地區,姓名,號次,得票數,得票率
臺北市第01選區北投區,張歷元,1,264,0.22%
臺北市第01選區北投區,高建智,2,46070,39.53%
臺北市第01選區北投區,丁守中,3,68821,59.06%
臺北市第01選區北投區,曾瑾珮,4,1366,1.17%
臺北市第01選區士林區,張歷元,1,72,0.17%
臺北市第01選區士林區,高建智,2,15338,36.71%
臺北市第01選區士林區,丁守中,3,25873,61.92%
臺北市第01選區士林區,曾瑾珮,4,496,1.18%
臺北市第02選區士林區,周奕成,1,1720,1.81%
臺北市第02選區士林區,周守訓,2,51724,54.47%
臺北市第02選區士林區,王世堅,3,41510,43.71%
臺北市第02選區大同區,周奕成,1,1092,1.80%
臺北市第02選區大同區,周守訓,2,29662,49.13%
臺北市第02選區大同區,王世堅,3,29609,49.05%
臺北市第03選區中山區,蔣孝嚴,1,58508,56.72%
臺北市第03選區中山區,李林耀,2,81,0.07%
臺北市第03選區中山區,謝馥米,3,1220,1.18%
臺北市第03選區中山區,簡瑞寬,4,102,0.09%
臺北市第03選區中山區,郭正亮,5,43226,41.91%
臺北市第03選區松山區,蔣孝嚴,1,41451,66.05%
臺北市第03選區松山區,李林耀,2,47,0.07%
臺北市第03選區松山區,謝馥米,3,634,1.01%
臺北市第03選區松山區,簡瑞寬,4,74,0.11%
臺北市第03選區松山區,郭正亮,5,20547,32.74%
臺北市第04選區內湖區,莊婉均,1,1143,0.97%
臺北市第04選區內湖區,張慶源,2,378,0.32%
臺北市第04選區內湖區,蔡正元,3,73983,62.97%
臺北市第04選區內湖區,許家琛,4,98,0.08%
臺北市第04選區內湖區,柯逸民,5,1052,0.89%
臺北市第04選區內湖區,徐國勇,6,40832,34.75%
臺北市第04選區南港區,莊婉均,1,541,1.04%
臺北市第04選區南港區,張慶源,2,92,0.17%
臺北市第04選區南港區,蔡正元,3,31392,60.61%
臺北市第04選區南港區,許家琛,4,61,0.11%
臺北市第04選區南港區,柯逸民,5,528,1.01%
臺北市第04選區南港區,徐國勇,6,19172,37.02%
臺北市第05選區萬華區,葉玫,1,207,0.21%
臺北市第05選區萬華區,吳建毅,2,136,0.13%
臺北市第05選區萬華區,魏志中,3,195,0.20%
臺北市第05選區萬華區,林郁方,4,53686,55.20%
臺北市第05選區萬華區,黃啟彬,5,281,0.28%
臺北市第05選區萬華區,段宜康,6,42749,43.95%
臺北市第05選區中正區,葉玫,1,117,0.22%
臺北市第05選區中正區,吳建毅,2,115,0.21%
臺北市第05選區中正區,魏志中,3,89,0.16%
臺北市第05選區中正區,林郁方,4,33762,63.83%
臺北市第05選區中正區,黃啟彬,5,79,0.14%
臺北市第05選區中正區,段宜康,6,18731,35.41%
臺北市第06選區大安區,樂可銘,1,89,0.05%
臺北市第06選區大安區,李慶安,2,99294,66.80%
臺北市第06選區大安區,王保善,3,417,0.28%
臺北市第06選區大安區,余少鈞,4,131,0.08%
臺北市第06選區大安區,羅文嘉,5,48240,32.45%
臺北市第06選區大安區,古文發,6,155,0.10%
臺北市第06選區大安區,林俊賢,7,221,0.14%
臺北市第06選區大安區,林裕發,8,87,0.05%
臺北市第07選區松山區,張國慶,1,451,1.26%
臺北市第07選區松山區,連石磊,2,72,0.20%
臺北市第07選區松山區,陳源奇,3,46,0.12%
臺北市第07選區松山區,潘翰聲,4,390,1.09%
臺北市第07選區松山區,費鴻泰,5,21675,60.84%
臺北市第07選區松山區,田欣,6,12897,36.20%
臺北市第07選區松山區,秦政德,7,90,0.25%
臺北市第07選區信義區,張國慶,1,899,0.82%
臺北市第07選區信義區,連石磊,2,169,0.15%
臺北市第07選區信義區,陳源奇,3,183,0.16%
臺北市第07選區信義區,潘翰聲,4,885,0.81%
臺北市第07選區信義區,費鴻泰,5,73470,67.40%
臺北市第07選區信義區,田欣,6,33162,30.42%
臺北市第07選區信義區,秦政德,7,223,0.20%
臺北市第08選區中正區,梅峯,1,21,0.09%
臺北市第08選區中正區,任立民,2,41,0.18%
臺北市第08選區中正區,周柏雅,3,6831,30.98%
臺北市第08選區中正區,賴士葆,4,14809,67.17%
臺北市第08選區中正區,史美延,5,91,0.41%
臺北市第08選區中正區,方景鈞,6,30,0.13%
臺北市第08選區中正區,彭渰雯,7,224,1.01%
臺北市第08選區文山區,梅峯,1,150,0.12%
臺北市第08選區文山區,任立民,2,193,0.15%
臺北市第08選區文山區,周柏雅,3,31430,25.52%
臺北市第08選區文山區,賴士葆,4,89448,72.64%
臺北市第08選區文山區,史美延,5,401,0.32%
臺北市第08選區文山區,方景鈞,6,247,0.20%
臺北市第08選區文山區,彭渰雯,7,1257,1.02%
高雄市第01選區楠梓區,黃昭順,1,40735,54.48%
高雄市第01選區楠梓區,姚文智,2,33598,44.94%
高雄市第01選區楠梓區,錢彙穎,3,424,0.56%
高雄市第01選區左營區,黃昭順,1,51682,61.69%
高雄市第01選區左營區,姚文智,2,31668,37.80%
高雄市第01選區左營區,錢彙穎,3,417,0.49%
高雄市第02選區鼓山區,羅世雄,1,31214,54.15%
高雄市第02選區鼓山區,李凈瑜,2,186,0.32%
高雄市第02選區鼓山區,曾文聖,3,70,0.12%
高雄市第02選區鼓山區,林稱雄,4,75,0.13%
高雄市第02選區鼓山區,管碧玲,5,26094,45.27%
高雄市第02選區鹽埕區,羅世雄,1,6573,45.65%
高雄市第02選區鹽埕區,李凈瑜,2,40,0.27%
高雄市第02選區鹽埕區,曾文聖,3,18,0.12%
高雄市第02選區鹽埕區,林稱雄,4,19,0.13%
高雄市第02選區鹽埕區,管碧玲,5,7747,53.80%
高雄市第02選區旗津區,羅世雄,1,5671,43.76%
高雄市第02選區旗津區,李凈瑜,2,34,0.26%
高雄市第02選區旗津區,曾文聖,3,23,0.17%
高雄市第02選區旗津區,林稱雄,4,18,0.13%
高雄市第02選區旗津區,管碧玲,5,7212,55.65%
高雄市第02選區三民區,羅世雄,1,19952,44.52%
高雄市第02選區三民區,李凈瑜,2,164,0.36%
高雄市第02選區三民區,曾文聖,3,75,0.16%
高雄市第02選區三民區,林稱雄,4,72,0.16%
高雄市第02選區三民區,管碧玲,5,24551,54.78%
高雄市第03選區三民區,莊繡慈,1,777,0.67%
高雄市第03選區三民區,侯彩鳳,2,56826,49.13%
高雄市第03選區三民區,李昆澤,3,49392,42.70%
高雄市第03選區三民區,吳春香,4,249,0.21%
高雄市第03選區三民區,林進興,5,8225,7.11%
高雄市第03選區三民區,蘇經孟,6,178,0.15%
高雄市第04選區前金區,黃昭輝,1,6954,48.25%
高雄市第04選區前金區,林景元,2,171,1.18%
高雄市第04選區前金區,劉慧雯,3,116,0.80%
高雄市第04選區前金區,林志聰,4,23,0.15%
高雄市第04選區前金區,李復興,5,7146,49.59%
高雄市第04選區新興區,黃昭輝,1,13203,48.04%
高雄市第04選區新興區,林景元,2,342,1.24%
高雄市第04選區新興區,劉慧雯,3,195,0.70%
高雄市第04選區新興區,林志聰,4,58,0.21%
高雄市第04選區新興區,李復興,5,13683,49.79%
高雄市第04選區苓雅區,黃昭輝,1,40311,45.81%
高雄市第04選區苓雅區,林景元,2,947,1.07%
高雄市第04選區苓雅區,劉慧雯,3,674,0.76%
高雄市第04選區苓雅區,林志聰,4,150,0.17%
高雄市第04選區苓雅區,李復興,5,45899,52.16%
高雄市第04選區前鎮區,黃昭輝,1,7195,47.08%
高雄市第04選區前鎮區,林景元,2,166,1.08%
高雄市第04選區前鎮區,劉慧雯,3,120,0.78%
高雄市第04選區前鎮區,林志聰,4,26,0.17%
高雄市第04選區前鎮區,李復興,5,7774,50.87%
高雄市第05選區前鎮區,郭玟成,1,39323,52.54%
高雄市第05選區前鎮區,曹文玟,2,264,0.35%
高雄市第05選區前鎮區,楊掌朝,3,203,0.27%
高雄市第05選區前鎮區,趙連出,4,765,1.02%
高雄市第05選區前鎮區,楊美蘭,5,316,0.42%
高雄市第05選區前鎮區,林國正,6,33962,45.38%
高雄市第05選區小港區,郭玟成,1,31253,51.28%
高雄市第05選區小港區,曹文玟,2,180,0.29%
高雄市第05選區小港區,楊掌朝,3,378,0.62%
高雄市第05選區小港區,趙連出,4,333,0.54%
高雄市第05選區小港區,楊美蘭,5,280,0.45%
高雄市第05選區小港區,林國正,6,28518,46.79%
臺北縣第01選區石門鄉,王天裕,1,13,0.24%
臺北縣第01選區石門鄉,莊孟學,2,64,1.22%
臺北縣第01選區石門鄉,楊仁清,3,29,0.55%
臺北縣第01選區石門鄉,吳育昇,4,3044,58.26%
臺北縣第01選區石門鄉,李顯榮,5,2065,39.52%
臺北縣第01選區石門鄉,吳金治,6,9,0.17%
臺北縣第01選區三芝鄉,王天裕,1,26,0.26%
臺北縣第01選區三芝鄉,莊孟學,2,262,2.70%
臺北縣第01選區三芝鄉,楊仁清,3,36,0.37%
臺北縣第01選區三芝鄉,吳育昇,4,5573,57.62%
臺北縣第01選區三芝鄉,李顯榮,5,3760,38.87%
臺北縣第01選區三芝鄉,吳金治,6,14,0.14%
臺北縣第01選區淡水鎮,王天裕,1,83,0.14%
臺北縣第01選區淡水鎮,莊孟學,2,675,1.16%
臺北縣第01選區淡水鎮,楊仁清,3,108,0.18%
臺北縣第01選區淡水鎮,吳育昇,4,34782,60.04%
臺北縣第01選區淡水鎮,李顯榮,5,22124,38.19%
臺北縣第01選區淡水鎮,吳金治,6,157,0.27%
臺北縣第01選區八里鄉,王天裕,1,22,0.15%
臺北縣第01選區八里鄉,莊孟學,2,111,0.79%
臺北縣第01選區八里鄉,楊仁清,3,34,0.24%
臺北縣第01選區八里鄉,吳育昇,4,7709,55.38%
臺北縣第01選區八里鄉,李顯榮,5,6006,43.15%
臺北縣第01選區八里鄉,吳金治,6,36,0.25%
臺北縣第01選區林口鄉,王天裕,1,49,0.19%
臺北縣第01選區林口鄉,莊孟學,2,243,0.95%
臺北縣第01選區林口鄉,楊仁清,3,66,0.26%
臺北縣第01選區林口鄉,吳育昇,4,14751,58.18%
臺北縣第01選區林口鄉,李顯榮,5,10150,40.03%
臺北縣第01選區林口鄉,吳金治,6,93,0.36%
臺北縣第01選區泰山鄉,王天裕,1,49,0.16%
臺北縣第01選區泰山鄉,莊孟學,2,243,0.81%
臺北縣第01選區泰山鄉,楊仁清,3,52,0.17%
臺北縣第01選區泰山鄉,吳育昇,4,17090,57.00%
臺北縣第01選區泰山鄉,李顯榮,5,12489,41.65%
臺北縣第01選區泰山鄉,吳金治,6,57,0.19%
臺北縣第02選區五股鄉,林志嘉,1,3099,9.61%
臺北縣第02選區五股鄉,林淑芬,2,13163,40.84%
臺北縣第02選區五股鄉,柯淑敏,3,13510,41.92%
臺北縣第02選區五股鄉,楊蓮福,4,2451,7.60%
臺北縣第02選區蘆洲市,林志嘉,1,3323,4.27%
臺北縣第02選區蘆洲市,林淑芬,2,33897,43.59%
臺北縣第02選區蘆洲市,柯淑敏,3,31260,40.20%
臺北縣第02選區蘆洲市,楊蓮福,4,9266,11.91%
臺北縣第02選區三重市,林志嘉,1,1820,6.68%
臺北縣第02選區三重市,林淑芬,2,12165,44.69%
臺北縣第02選區三重市,柯淑敏,3,10004,36.75%
臺北縣第02選區三重市,楊蓮福,4,3231,11.86%
臺北縣第03選區三重市,朱俊曉,1,73286,48.24%
臺北縣第03選區三重市,蘇卿彥,2,767,0.50%
臺北縣第03選區三重市,余天,3,75212,49.51%
臺北縣第03選區三重市,劉一德,4,1645,1.08%
臺北縣第03選區三重市,劉英芮,5,990,0.65%
臺北縣第04選區新莊市,李鴻鈞,1,77122,51.73%
臺北縣第04選區新莊市,鄭余豪,2,969,0.64%
臺北縣第04選區新莊市,吳秉叡,3,70265,47.13%
臺北縣第04選區新莊市,徐文彥,4,721,0.48%
臺北縣第05選區新莊市,溫炳原,1,96,0.55%
臺北縣第05選區新莊市,陳誠鈞,2,25,0.14%
臺北縣第05選區新莊市,王文秀,3,53,0.30%
臺北縣第05選區新莊市,黃志雄,4,9605,55.26%
臺北縣第05選區新莊市,廖本煙,5,7601,43.73%
臺北縣第05選區樹林市,溫炳原,1,297,0.44%
臺北縣第05選區樹林市,陳誠鈞,2,90,0.13%
臺北縣第05選區樹林市,王文秀,3,190,0.28%
臺北縣第05選區樹林市,黃志雄,4,34212,51.15%
臺北縣第05選區樹林市,廖本煙,5,32085,47.97%
臺北縣第05選區鶯歌鎮,溫炳原,1,114,0.33%
臺北縣第05選區鶯歌鎮,陳誠鈞,2,39,0.11%
臺北縣第05選區鶯歌鎮,王文秀,3,95,0.27%
臺北縣第05選區鶯歌鎮,黃志雄,4,18131,53.11%
臺北縣第05選區鶯歌鎮,廖本煙,5,15758,46.16%
臺北縣第06選區板橋市,王淑慧,1,51775,42.66%
臺北縣第06選區板橋市,林鴻池,2,69097,56.93%
臺北縣第06選區板橋市,林景松,3,489,0.40%
臺北縣第07選區板橋市,莊碩漢,1,49008,41.61%
臺北縣第07選區板橋市,林淑慧,2,1436,1.21%
臺北縣第07選區板橋市,林育任,3,1583,1.34%
臺北縣第07選區板橋市,吳清池,4,65752,55.82%
臺北縣第08選區中和市,張慶忠,1,94785,59.55%
臺北縣第08選區中和市,甘郡榮,2,1255,0.78%
臺北縣第08選區中和市,趙永清,3,63123,39.65%
臺北縣第09選區中和市,楊錫周,1,108,0.31%
臺北縣第09選區中和市,周倪安,2,4215,12.47%
臺北縣第09選區中和市,洪一平,3,4722,13.97%
臺北縣第09選區中和市,林德福,4,24756,73.24%
臺北縣第09選區永和市,楊錫周,1,230,0.21%
臺北縣第09選區永和市,周倪安,2,11454,10.61%
臺北縣第09選區永和市,洪一平,3,22322,20.69%
臺北縣第09選區永和市,林德福,4,73878,68.47%
臺北縣第10選區土城市,盧嘉辰,1,58622,62.26%
臺北縣第10選區土城市,李恢先,2,507,0.53%
臺北縣第10選區土城市,李文忠,3,35013,37.19%
臺北縣第10選區三峽鎮,盧嘉辰,1,19034,54.30%
臺北縣第10選區三峽鎮,李恢先,2,162,0.46%
臺北縣第10選區三峽鎮,李文忠,3,15856,45.23%
臺北縣第11選區新店市,葛彰台,1,200,0.14%
臺北縣第11選區新店市,陳永福,2,35479,26.38%
臺北縣第11選區新店市,林美秀,3,596,0.44%
臺北縣第11選區新店市,許玫茵,4,1260,0.93%
臺北縣第11選區新店市,羅明才,5,96936,72.08%
臺北縣第11選區深坑鄉,葛彰台,1,30,0.32%
臺北縣第11選區深坑鄉,陳永福,2,3747,40.23%
臺北縣第11選區深坑鄉,林美秀,3,58,0.62%
臺北縣第11選區深坑鄉,許玫茵,4,87,0.93%
臺北縣第11選區深坑鄉,羅明才,5,5390,57.88%
臺北縣第11選區石碇鄉,葛彰台,1,8,0.22%
臺北縣第11選區石碇鄉,陳永福,2,1944,54.66%
臺北縣第11選區石碇鄉,林美秀,3,22,0.61%
臺北縣第11選區石碇鄉,許玫茵,4,32,0.89%
臺北縣第11選區石碇鄉,羅明才,5,1550,43.58%
臺北縣第11選區坪林鄉,葛彰台,1,6,0.21%
臺北縣第11選區坪林鄉,陳永福,2,1779,63.53%
臺北縣第11選區坪林鄉,林美秀,3,18,0.64%
臺北縣第11選區坪林鄉,許玫茵,4,6,0.21%
臺北縣第11選區坪林鄉,羅明才,5,991,35.39%
臺北縣第11選區烏來鄉,葛彰台,1,2,0.14%
臺北縣第11選區烏來鄉,陳永福,2,631,45.92%
臺北縣第11選區烏來鄉,林美秀,3,2,0.14%
臺北縣第11選區烏來鄉,許玫茵,4,5,0.36%
臺北縣第11選區烏來鄉,羅明才,5,734,53.42%
臺北縣第12選區金山鄉,陳朝龍,1,3651,42.88%
臺北縣第12選區金山鄉,蕭振珉,2,52,0.61%
臺北縣第12選區金山鄉,廖學廣,3,256,3.00%
臺北縣第12選區金山鄉,李慶華,4,4554,53.49%
臺北縣第12選區萬里鄉,陳朝龍,1,2898,36.55%
臺北縣第12選區萬里鄉,蕭振珉,2,34,0.42%
臺北縣第12選區萬里鄉,廖學廣,3,295,3.72%
臺北縣第12選區萬里鄉,李慶華,4,4701,59.29%
臺北縣第12選區汐止市,陳朝龍,1,26022,34.09%
臺北縣第12選區汐止市,蕭振珉,2,337,0.44%
臺北縣第12選區汐止市,廖學廣,3,10026,13.13%
臺北縣第12選區汐止市,李慶華,4,39930,52.32%
臺北縣第12選區平溪鄉,陳朝龍,1,1169,48.28%
臺北縣第12選區平溪鄉,蕭振珉,2,18,0.74%
臺北縣第12選區平溪鄉,廖學廣,3,152,6.27%
臺北縣第12選區平溪鄉,李慶華,4,1082,44.69%
臺北縣第12選區瑞芳鎮,陳朝龍,1,7997,46.64%
臺北縣第12選區瑞芳鎮,蕭振珉,2,81,0.47%
臺北縣第12選區瑞芳鎮,廖學廣,3,416,2.42%
臺北縣第12選區瑞芳鎮,李慶華,4,8651,50.45%
臺北縣第12選區雙溪鄉,陳朝龍,1,1896,45.03%
臺北縣第12選區雙溪鄉,蕭振珉,2,16,0.38%
臺北縣第12選區雙溪鄉,廖學廣,3,94,2.23%
臺北縣第12選區雙溪鄉,李慶華,4,2204,52.35%
臺北縣第12選區貢寮鄉,陳朝龍,1,2957,56.04%
臺北縣第12選區貢寮鄉,蕭振珉,2,35,0.66%
臺北縣第12選區貢寮鄉,廖學廣,3,109,2.06%
臺北縣第12選區貢寮鄉,李慶華,4,2175,41.22%
宜蘭縣第01選區宜蘭市,陳金德,1,14692,39.03%
宜蘭縣第01選區宜蘭市,林建榮,2,22574,59.97%
宜蘭縣第01選區宜蘭市,謝李靜宜,3,372,0.98%
宜蘭縣第01選區羅東鎮,陳金德,1,12894,45.93%
宜蘭縣第01選區羅東鎮,林建榮,2,14911,53.11%
宜蘭縣第01選區羅東鎮,謝李靜宜,3,268,0.95%
宜蘭縣第01選區蘇澳鎮,陳金德,1,7881,45.30%
宜蘭縣第01選區蘇澳鎮,林建榮,2,9348,53.73%
宜蘭縣第01選區蘇澳鎮,謝李靜宜,3,167,0.95%
宜蘭縣第01選區頭城鎮,陳金德,1,4211,34.46%
宜蘭縣第01選區頭城鎮,林建榮,2,7900,64.66%
宜蘭縣第01選區頭城鎮,謝李靜宜,3,106,0.86%
宜蘭縣第01選區礁溪鄉,陳金德,1,6878,46.41%
宜蘭縣第01選區礁溪鄉,林建榮,2,7791,52.58%
宜蘭縣第01選區礁溪鄉,謝李靜宜,3,148,0.99%
宜蘭縣第01選區壯圍鄉,陳金德,1,5154,49.22%
宜蘭縣第01選區壯圍鄉,林建榮,2,5223,49.88%
宜蘭縣第01選區壯圍鄉,謝李靜宜,3,93,0.88%
宜蘭縣第01選區員山鄉,陳金德,1,6197,48.67%
宜蘭縣第01選區員山鄉,林建榮,2,6425,50.46%
宜蘭縣第01選區員山鄉,謝李靜宜,3,110,0.86%
宜蘭縣第01選區冬山鄉,陳金德,1,10926,53.53%
宜蘭縣第01選區冬山鄉,林建榮,2,9235,45.24%
宜蘭縣第01選區冬山鄉,謝李靜宜,3,249,1.21%
宜蘭縣第01選區五結鄉,陳金德,1,8035,52.26%
宜蘭縣第01選區五結鄉,林建榮,2,7165,46.60%
宜蘭縣第01選區五結鄉,謝李靜宜,3,174,1.13%
宜蘭縣第01選區三星鄉,陳金德,1,4838,54.78%
宜蘭縣第01選區三星鄉,林建榮,2,3894,44.09%
宜蘭縣第01選區三星鄉,謝李靜宜,3,99,1.12%
宜蘭縣第01選區大同鄉,陳金德,1,195,39.79%
宜蘭縣第01選區大同鄉,林建榮,2,289,58.97%
宜蘭縣第01選區大同鄉,謝李靜宜,3,6,1.22%
宜蘭縣第01選區南澳鄉,陳金德,1,83,28.04%
宜蘭縣第01選區南澳鄉,林建榮,2,210,70.94%
宜蘭縣第01選區南澳鄉,謝李靜宜,3,3,1.01%
桃園縣第01選區蘆竹鄉,陳根德,1,29060,60.72%
桃園縣第01選區蘆竹鄉,陳志明,2,247,0.51%
桃園縣第01選區蘆竹鄉,李鎮楠,3,18165,37.95%
桃園縣第01選區蘆竹鄉,姚毅君,4,382,0.79%
桃園縣第01選區龜山鄉,陳根德,1,30759,60.89%
桃園縣第01選區龜山鄉,陳志明,2,251,0.49%
桃園縣第01選區龜山鄉,李鎮楠,3,19021,37.65%
桃園縣第01選區龜山鄉,姚毅君,4,479,0.94%
桃園縣第01選區桃園市,陳根德,1,16154,65.58%
桃園縣第01選區桃園市,陳志明,2,149,0.60%
桃園縣第01選區桃園市,李鎮楠,3,8071,32.76%
桃園縣第01選區桃園市,姚毅君,4,257,1.04%
桃園縣第02選區大園鄉,郭榮宗,1,14931,49.83%
桃園縣第02選區大園鄉,廖正井,2,14854,49.58%
桃園縣第02選區大園鄉,蔡楊如松,3,174,0.58%
桃園縣第02選區觀音鄉,郭榮宗,1,13555,56.95%
桃園縣第02選區觀音鄉,廖正井,2,10114,42.49%
桃園縣第02選區觀音鄉,蔡楊如松,3,130,0.54%
桃園縣第02選區新屋鄉,郭榮宗,1,10367,48.23%
桃園縣第02選區新屋鄉,廖正井,2,11018,51.26%
桃園縣第02選區新屋鄉,蔡楊如松,3,109,0.50%
桃園縣第02選區楊梅鎮,郭榮宗,1,19724,35.75%
桃園縣第02選區楊梅鎮,廖正井,2,35188,63.77%
桃園縣第02選區楊梅鎮,蔡楊如松,3,259,0.46%
桃園縣第03選區中壢市,吳志揚,1,85821,63.22%
桃園縣第03選區中壢市,彭添富,2,49305,36.32%
桃園縣第03選區中壢市,張明松,3,618,0.45%
桃園縣第04選區桃園市,楊麗環,1,80769,62.42%
桃園縣第04選區桃園市,黃宗源,2,47966,37.07%
桃園縣第04選區桃園市,蔡佩宜,3,645,0.49%
桃園縣第05選區平鎮市,劉俊儀,1,3976,4.96%
桃園縣第05選區平鎮市,黃嘉華,2,256,0.31%
桃園縣第05選區平鎮市,朱鳳芝,3,49919,62.36%
桃園縣第05選區平鎮市,李月琴,4,25894,32.34%
桃園縣第05選區龍潭鄉,劉俊儀,1,2238,4.98%
桃園縣第05選區龍潭鄉,黃嘉華,2,126,0.28%
桃園縣第05選區龍潭鄉,朱鳳芝,3,29752,66.27%
桃園縣第05選區龍潭鄉,李月琴,4,12777,28.46%
桃園縣第06選區中壢市,姚吉鴻,1,316,1.76%
桃園縣第06選區中壢市,邱創良,2,3462,19.32%
桃園縣第06選區中壢市,孫大千,3,14141,78.91%
桃園縣第06選區八德市,姚吉鴻,1,1600,2.34%
桃園縣第06選區八德市,邱創良,2,21132,30.90%
桃園縣第06選區八德市,孫大千,3,45638,66.75%
桃園縣第06選區大溪鎮,姚吉鴻,1,1189,3.41%
桃園縣第06選區大溪鎮,邱創良,2,14522,41.75%
桃園縣第06選區大溪鎮,孫大千,3,19071,54.83%
桃園縣第06選區復興鄉,姚吉鴻,1,42,3.16%
桃園縣第06選區復興鄉,邱創良,2,544,40.93%
桃園縣第06選區復興鄉,孫大千,3,743,55.90%
新竹縣第01選區竹北市,徐欣瑩,1,18356,39.07%
新竹縣第01選區竹北市,余玉池,2,882,1.87%
新竹縣第01選區竹北市,邱鏡淳,3,27743,59.05%
新竹縣第01選區竹東鎮,徐欣瑩,1,8602,22.89%
新竹縣第01選區竹東鎮,余玉池,2,626,1.66%
新竹縣第01選區竹東鎮,邱鏡淳,3,28348,75.44%
新竹縣第01選區新埔鎮,徐欣瑩,1,5564,35.97%
新竹縣第01選區新埔鎮,余玉池,2,411,2.65%
新竹縣第01選區新埔鎮,邱鏡淳,3,9490,61.36%
新竹縣第01選區關西鎮,徐欣瑩,1,4397,31.60%
新竹縣第01選區關西鎮,余玉池,2,601,4.31%
新竹縣第01選區關西鎮,邱鏡淳,3,8915,64.07%
新竹縣第01選區湖口鄉,徐欣瑩,1,8370,28.69%
新竹縣第01選區湖口鄉,余玉池,2,616,2.11%
新竹縣第01選區湖口鄉,邱鏡淳,3,20180,69.19%
新竹縣第01選區新豐鄉,徐欣瑩,1,6276,32.85%
新竹縣第01選區新豐鄉,余玉池,2,419,2.19%
新竹縣第01選區新豐鄉,邱鏡淳,3,12406,64.94%
新竹縣第01選區芎林鄉,徐欣瑩,1,2535,28.08%
新竹縣第01選區芎林鄉,余玉池,2,190,2.10%
新竹縣第01選區芎林鄉,邱鏡淳,3,6300,69.80%
新竹縣第01選區橫山鄉,徐欣瑩,1,1705,25.40%
新竹縣第01選區橫山鄉,余玉池,2,130,1.93%
新竹縣第01選區橫山鄉,邱鏡淳,3,4876,72.65%
新竹縣第01選區北埔鄉,徐欣瑩,1,1439,30.42%
新竹縣第01選區北埔鄉,余玉池,2,82,1.73%
新竹縣第01選區北埔鄉,邱鏡淳,3,3209,67.84%
新竹縣第01選區寶山鄉,徐欣瑩,1,1729,29.12%
新竹縣第01選區寶山鄉,余玉池,2,130,2.19%
新竹縣第01選區寶山鄉,邱鏡淳,3,4077,68.68%
新竹縣第01選區峨眉鄉,徐欣瑩,1,1096,37.08%
新竹縣第01選區峨眉鄉,余玉池,2,41,1.38%
新竹縣第01選區峨眉鄉,邱鏡淳,3,1818,61.52%
新竹縣第01選區尖石鄉,徐欣瑩,1,97,18.90%
新竹縣第01選區尖石鄉,余玉池,2,18,3.50%
新竹縣第01選區尖石鄉,邱鏡淳,3,398,77.58%
新竹縣第01選區五峰鄉,徐欣瑩,1,43,23.75%
新竹縣第01選區五峰鄉,余玉池,2,6,3.31%
新竹縣第01選區五峰鄉,邱鏡淳,3,132,72.92%
苗栗縣第01選區竹南鎮,杜文卿,1,11692,39.22%
苗栗縣第01選區竹南鎮,李乙廷,2,18118,60.77%
苗栗縣第01選區造橋鄉,杜文卿,1,1609,25.94%
苗栗縣第01選區造橋鄉,李乙廷,2,4592,74.05%
苗栗縣第01選區後龍鎮,杜文卿,1,6098,36.26%
苗栗縣第01選區後龍鎮,李乙廷,2,10715,63.73%
苗栗縣第01選區西湖鄉,杜文卿,1,1211,30.08%
苗栗縣第01選區西湖鄉,李乙廷,2,2814,69.91%
苗栗縣第01選區通霄鎮,杜文卿,1,9419,52.63%
苗栗縣第01選區通霄鎮,李乙廷,2,8477,47.36%
苗栗縣第01選區銅鑼鄉,杜文卿,1,2156,26.19%
苗栗縣第01選區銅鑼鄉,李乙廷,2,6076,73.80%
苗栗縣第01選區苑裡鎮,杜文卿,1,12542,60.34%
苗栗縣第01選區苑裡鎮,李乙廷,2,8241,39.65%
苗栗縣第01選區三義鄉,杜文卿,1,2178,27.35%
苗栗縣第01選區三義鄉,李乙廷,2,5784,72.64%
苗栗縣第02選區頭份鎮,何智輝,1,10009,25.25%
苗栗縣第02選區頭份鎮,郭玉枝,2,377,0.95%
苗栗縣第02選區頭份鎮,莊嚴,3,196,0.49%
苗栗縣第02選區頭份鎮,詹運喜,4,4484,11.31%
苗栗縣第02選區頭份鎮,賴金明,5,102,0.25%
苗栗縣第02選區頭份鎮,徐耀昌,6,24458,61.72%
苗栗縣第02選區三灣鄉,何智輝,1,1076,29.35%
苗栗縣第02選區三灣鄉,郭玉枝,2,33,0.90%
苗栗縣第02選區三灣鄉,莊嚴,3,18,0.49%
苗栗縣第02選區三灣鄉,詹運喜,4,501,13.66%
苗栗縣第02選區三灣鄉,賴金明,5,18,0.49%
苗栗縣第02選區三灣鄉,徐耀昌,6,2020,55.10%
苗栗縣第02選區南庄鄉,何智輝,1,1527,35.23%
苗栗縣第02選區南庄鄉,郭玉枝,2,25,0.57%
苗栗縣第02選區南庄鄉,莊嚴,3,42,0.96%
苗栗縣第02選區南庄鄉,詹運喜,4,548,12.64%
苗栗縣第02選區南庄鄉,賴金明,5,24,0.55%
苗栗縣第02選區南庄鄉,徐耀昌,6,2168,50.02%
苗栗縣第02選區苗栗市,何智輝,1,18476,47.02%
苗栗縣第02選區苗栗市,郭玉枝,2,294,0.74%
苗栗縣第02選區苗栗市,莊嚴,3,110,0.27%
苗栗縣第02選區苗栗市,詹運喜,4,6359,16.18%
苗栗縣第02選區苗栗市,賴金明,5,72,0.18%
苗栗縣第02選區苗栗市,徐耀昌,6,13978,35.57%
苗栗縣第02選區頭屋鄉,何智輝,1,2899,50.89%
苗栗縣第02選區頭屋鄉,郭玉枝,2,42,0.73%
苗栗縣第02選區頭屋鄉,莊嚴,3,8,0.14%
苗栗縣第02選區頭屋鄉,詹運喜,4,728,12.78%
苗栗縣第02選區頭屋鄉,賴金明,5,16,0.28%
苗栗縣第02選區頭屋鄉,徐耀昌,6,2003,35.16%
苗栗縣第02選區獅潭鄉,何智輝,1,1508,57.57%
苗栗縣第02選區獅潭鄉,郭玉枝,2,19,0.72%
苗栗縣第02選區獅潭鄉,莊嚴,3,8,0.30%
苗栗縣第02選區獅潭鄉,詹運喜,4,360,13.74%
苗栗縣第02選區獅潭鄉,賴金明,5,8,0.30%
苗栗縣第02選區獅潭鄉,徐耀昌,6,716,27.33%
苗栗縣第02選區公館鄉,何智輝,1,5900,40.04%
苗栗縣第02選區公館鄉,郭玉枝,2,96,0.65%
苗栗縣第02選區公館鄉,莊嚴,3,33,0.22%
苗栗縣第02選區公館鄉,詹運喜,4,2720,18.45%
苗栗縣第02選區公館鄉,賴金明,5,15,0.10%
苗栗縣第02選區公館鄉,徐耀昌,6,5971,40.52%
苗栗縣第02選區大湖鄉,何智輝,1,2829,39.39%
苗栗縣第02選區大湖鄉,郭玉枝,2,37,0.51%
苗栗縣第02選區大湖鄉,莊嚴,3,19,0.26%
苗栗縣第02選區大湖鄉,詹運喜,4,1044,14.53%
苗栗縣第02選區大湖鄉,賴金明,5,20,0.27%
苗栗縣第02選區大湖鄉,徐耀昌,6,3233,45.01%
苗栗縣第02選區泰安鄉,何智輝,1,358,39.08%
苗栗縣第02選區泰安鄉,郭玉枝,2,6,0.65%
苗栗縣第02選區泰安鄉,莊嚴,3,2,0.21%
苗栗縣第02選區泰安鄉,詹運喜,4,69,7.53%
苗栗縣第02選區泰安鄉,賴金明,5,5,0.54%
苗栗縣第02選區泰安鄉,徐耀昌,6,476,51.96%
苗栗縣第02選區卓蘭鎮,何智輝,1,3708,42.15%
苗栗縣第02選區卓蘭鎮,郭玉枝,2,46,0.52%
苗栗縣第02選區卓蘭鎮,莊嚴,3,38,0.43%
苗栗縣第02選區卓蘭鎮,詹運喜,4,2092,23.78%
苗栗縣第02選區卓蘭鎮,賴金明,5,55,0.62%
苗栗縣第02選區卓蘭鎮,徐耀昌,6,2857,32.48%
臺中縣第01選區大甲鎮,蔡其昌,1,13628,43.34%
臺中縣第01選區大甲鎮,劉銓忠,2,17813,56.65%
臺中縣第01選區大安鄉,蔡其昌,1,3809,41.86%
臺中縣第01選區大安鄉,劉銓忠,2,5289,58.13%
臺中縣第01選區外埔鄉,蔡其昌,1,4803,37.33%
臺中縣第01選區外埔鄉,劉銓忠,2,8061,62.66%
臺中縣第01選區清水鎮,蔡其昌,1,19739,52.17%
臺中縣第01選區清水鎮,劉銓忠,2,18096,47.82%
臺中縣第01選區梧棲鎮,蔡其昌,1,9645,48.18%
臺中縣第01選區梧棲鎮,劉銓忠,2,10373,51.81%
臺中縣第02選區沙鹿鎮,李順涼,1,3520,11.32%
臺中縣第02選區沙鹿鎮,劉瑞龍,2,7051,22.67%
臺中縣第02選區沙鹿鎮,顏清標,3,20522,66.00%
臺中縣第02選區龍井鄉,李順涼,1,2795,10.18%
臺中縣第02選區龍井鄉,劉瑞龍,2,8787,32.03%
臺中縣第02選區龍井鄉,顏清標,3,15849,57.77%
臺中縣第02選區大肚鄉,李順涼,1,2941,12.93%
臺中縣第02選區大肚鄉,劉瑞龍,2,6359,27.97%
臺中縣第02選區大肚鄉,顏清標,3,13433,59.09%
臺中縣第02選區烏日鄉,李順涼,1,2648,9.69%
臺中縣第02選區烏日鄉,劉瑞龍,2,9111,33.36%
臺中縣第02選區烏日鄉,顏清標,3,15551,56.94%
臺中縣第02選區霧峰鄉,李順涼,1,2192,8.49%
臺中縣第02選區霧峰鄉,劉瑞龍,2,8246,31.93%
臺中縣第02選區霧峰鄉,顏清標,3,15380,59.57%
臺中縣第02選區大里市,李順涼,1,515,11.03%
臺中縣第02選區大里市,劉瑞龍,2,1539,32.96%
臺中縣第02選區大里市,顏清標,3,2614,55.99%
臺中縣第03選區大里市,江連福,1,35452,51.24%
臺中縣第03選區大里市,簡肇棟,2,33731,48.75%
臺中縣第03選區太平市,江連福,1,40111,58.72%
臺中縣第03選區太平市,簡肇棟,2,28196,41.27%
臺中縣第04選區豐原市,高基讚,1,25086,38.60%
臺中縣第04選區豐原市,徐中雄,2,39900,61.39%
臺中縣第04選區石岡鄉,高基讚,1,2069,31.00%
臺中縣第04選區石岡鄉,徐中雄,2,4605,68.99%
臺中縣第04選區新社鄉,高基讚,1,3906,36.64%
臺中縣第04選區新社鄉,徐中雄,2,6753,63.35%
臺中縣第04選區東勢鎮,高基讚,1,6678,30.85%
臺中縣第04選區東勢鎮,徐中雄,2,14967,69.14%
臺中縣第04選區和平鄉,高基讚,1,629,24.00%
臺中縣第04選區和平鄉,徐中雄,2,1991,75.99%
臺中縣第05選區后里鄉,楊瓊瓔,1,14226,59.29%
臺中縣第05選區后里鄉,郭俊銘,2,9765,40.70%
臺中縣第05選區神岡鄉,楊瓊瓔,1,13411,50.66%
臺中縣第05選區神岡鄉,郭俊銘,2,13058,49.33%
臺中縣第05選區大雅鄉,楊瓊瓔,1,21573,62.90%
臺中縣第05選區大雅鄉,郭俊銘,2,12719,37.09%
臺中縣第05選區潭子鄉,楊瓊瓔,1,23060,56.89%
臺中縣第05選區潭子鄉,郭俊銘,2,17470,43.10%
彰化縣第01選區伸港鄉,陳秀卿,1,7298,45.58%
彰化縣第01選區伸港鄉,柯金德,2,3246,20.27%
彰化縣第01選區伸港鄉,陳進丁,3,5466,34.14%
彰化縣第01選區線西鄉,陳秀卿,1,3676,46.50%
彰化縣第01選區線西鄉,柯金德,2,1353,17.11%
彰化縣第01選區線西鄉,陳進丁,3,2876,36.38%
彰化縣第01選區和美鎮,陳秀卿,1,20941,50.56%
彰化縣第01選區和美鎮,柯金德,2,9661,23.32%
彰化縣第01選區和美鎮,陳進丁,3,10813,26.10%
彰化縣第01選區鹿港鎮,陳秀卿,1,17583,42.80%
彰化縣第01選區鹿港鎮,柯金德,2,8548,20.80%
彰化縣第01選區鹿港鎮,陳進丁,3,14950,36.39%
彰化縣第01選區褔興鄉,陳秀卿,1,9675,39.30%
彰化縣第01選區褔興鄉,柯金德,2,4319,17.54%
彰化縣第01選區褔興鄉,陳進丁,3,10622,43.15%
彰化縣第01選區秀水鄉,陳秀卿,1,8063,43.59%
彰化縣第01選區秀水鄉,柯金德,2,4389,23.72%
彰化縣第01選區秀水鄉,陳進丁,3,6044,32.67%
彰化縣第02選區彰化市,邱創進,1,36470,36.77%
彰化縣第02選區彰化市,林滄敏,2,59382,59.87%
彰化縣第02選區彰化市,林招膨,3,3327,3.35%
彰化縣第02選區花壇鄉,邱創進,1,6680,34.37%
彰化縣第02選區花壇鄉,林滄敏,2,12241,62.98%
彰化縣第02選區花壇鄉,林招膨,3,513,2.63%
彰化縣第02選區芬園鄉,邱創進,1,4659,41.92%
彰化縣第02選區芬園鄉,林滄敏,2,6248,56.21%
彰化縣第02選區芬園鄉,林招膨,3,207,1.86%
彰化縣第03選區芳苑鄉,鄭汝芬,1,6584,42.52%
彰化縣第03選區芳苑鄉,楊宗哲,2,3107,20.06%
彰化縣第03選區芳苑鄉,林重謨,3,5791,37.40%
彰化縣第03選區二林鎮,鄭汝芬,1,13422,54.16%
彰化縣第03選區二林鎮,楊宗哲,2,4813,19.42%
彰化縣第03選區二林鎮,林重謨,3,6547,26.41%
彰化縣第03選區埔鹽鄉,鄭汝芬,1,5171,32.53%
彰化縣第03選區埔鹽鄉,楊宗哲,2,7490,47.13%
彰化縣第03選區埔鹽鄉,林重謨,3,3231,20.33%
彰化縣第03選區溪湖鎮,鄭汝芬,1,8478,33.66%
彰化縣第03選區溪湖鎮,楊宗哲,2,12019,47.72%
彰化縣第03選區溪湖鎮,林重謨,3,4687,18.61%
彰化縣第03選區埔心鄉,鄭汝芬,1,6778,45.97%
彰化縣第03選區埔心鄉,楊宗哲,2,2253,15.28%
彰化縣第03選區埔心鄉,林重謨,3,5712,38.74%
彰化縣第03選區大城鄉,鄭汝芬,1,4145,53.40%
彰化縣第03選區大城鄉,楊宗哲,2,1168,15.04%
彰化縣第03選區大城鄉,林重謨,3,2448,31.54%
彰化縣第03選區竹塘鄉,鄭汝芬,1,3008,42.67%
彰化縣第03選區竹塘鄉,楊宗哲,2,1088,15.43%
彰化縣第03選區竹塘鄉,林重謨,3,2952,41.88%
彰化縣第03選區埤頭鄉,鄭汝芬,1,6264,48.78%
彰化縣第03選區埤頭鄉,楊宗哲,2,1934,15.06%
彰化縣第03選區埤頭鄉,林重謨,3,4641,36.14%
彰化縣第03選區北斗鎮,鄭汝芬,1,7308,53.58%
彰化縣第03選區北斗鎮,楊宗哲,2,1408,10.32%
彰化縣第03選區北斗鎮,林重謨,3,4923,36.09%
彰化縣第03選區溪州鄉,鄭汝芬,1,7328,53.48%
彰化縣第03選區溪州鄉,楊宗哲,2,709,5.17%
彰化縣第03選區溪州鄉,林重謨,3,5663,41.33%
彰化縣第04選區大村鄉,陳朝容,1,2439,15.73%
彰化縣第04選區大村鄉,謝章捷,2,1653,10.66%
彰化縣第04選區大村鄉,江昭儀,3,5616,36.24%
彰化縣第04選區大村鄉,蕭景田,4,5788,37.35%
彰化縣第04選區員林鎮,陳朝容,1,5477,10.18%
彰化縣第04選區員林鎮,謝章捷,2,5193,9.65%
彰化縣第04選區員林鎮,江昭儀,3,20050,37.28%
彰化縣第04選區員林鎮,蕭景田,4,23056,42.87%
彰化縣第04選區永靖鄉,陳朝容,1,2661,15.40%
彰化縣第04選區永靖鄉,謝章捷,2,1168,6.76%
彰化縣第04選區永靖鄉,江昭儀,3,6793,39.32%
彰化縣第04選區永靖鄉,蕭景田,4,6650,38.50%
彰化縣第04選區社頭鄉,陳朝容,1,1740,8.41%
彰化縣第04選區社頭鄉,謝章捷,2,836,4.04%
彰化縣第04選區社頭鄉,江昭儀,3,7447,36.01%
彰化縣第04選區社頭鄉,蕭景田,4,10656,51.53%
彰化縣第04選區田尾鄉,陳朝容,1,2331,18.75%
彰化縣第04選區田尾鄉,謝章捷,2,851,6.84%
彰化縣第04選區田尾鄉,江昭儀,3,4637,37.31%
彰化縣第04選區田尾鄉,蕭景田,4,4609,37.08%
彰化縣第04選區田中鎮,陳朝容,1,4270,21.75%
彰化縣第04選區田中鎮,謝章捷,2,995,5.06%
彰化縣第04選區田中鎮,江昭儀,3,6916,35.23%
彰化縣第04選區田中鎮,蕭景田,4,7447,37.94%
彰化縣第04選區二水鄉,陳朝容,1,1772,20.84%
彰化縣第04選區二水鄉,謝章捷,2,606,7.12%
彰化縣第04選區二水鄉,江昭儀,3,3349,39.39%
彰化縣第04選區二水鄉,蕭景田,4,2774,32.63%
南投縣第01選區草屯鎮,吳敦義,1,27177,66.10%
南投縣第01選區草屯鎮,林耘生,2,13935,33.89%
南投縣第01選區國姓鄉,吳敦義,1,5895,72.80%
南投縣第01選區國姓鄉,林耘生,2,2202,27.19%
南投縣第01選區埔里鎮,吳敦義,1,21894,68.49%
南投縣第01選區埔里鎮,林耘生,2,10072,31.50%
南投縣第01選區仁愛鄉,吳敦義,1,1016,77.55%
南投縣第01選區仁愛鄉,林耘生,2,294,22.44%
南投縣第01選區中寮鄉,吳敦義,1,4360,62.24%
南投縣第01選區中寮鄉,林耘生,2,2645,37.75%
南投縣第01選區魚池鄉,吳敦義,1,3953,62.80%
南投縣第01選區魚池鄉,林耘生,2,2341,37.19%
南投縣第02選區南投市,林明溱,1,26513,61.56%
南投縣第02選區南投市,湯火聖,2,16183,37.57%
南投縣第02選區南投市,陳翠容,3,370,0.85%
南投縣第02選區名間鄉,林明溱,1,8412,50.45%
南投縣第02選區名間鄉,湯火聖,2,8074,48.42%
南投縣第02選區名間鄉,陳翠容,3,187,1.12%
南投縣第02選區集集鎮,林明溱,1,3420,65.11%
南投縣第02選區集集鎮,湯火聖,2,1787,34.02%
南投縣第02選區集集鎮,陳翠容,3,45,0.85%
南投縣第02選區竹山鎮,林明溱,1,12168,52.35%
南投縣第02選區竹山鎮,湯火聖,2,10929,47.02%
南投縣第02選區竹山鎮,陳翠容,3,146,0.62%
南投縣第02選區鹿谷鄉,林明溱,1,4762,58.79%
南投縣第02選區鹿谷鄉,湯火聖,2,3289,40.60%
南投縣第02選區鹿谷鄉,陳翠容,3,49,0.60%
南投縣第02選區水里鄉,林明溱,1,5164,62.28%
南投縣第02選區水里鄉,湯火聖,2,3071,37.04%
南投縣第02選區水里鄉,陳翠容,3,56,0.67%
南投縣第02選區信義鄉,林明溱,1,1905,63.73%
南投縣第02選區信義鄉,湯火聖,2,1064,35.59%
南投縣第02選區信義鄉,陳翠容,3,20,0.66%
雲林縣第01選區麥寮鄉,黃山谷,1,40,0.28%
雲林縣第01選區麥寮鄉,蔡桓生,2,92,0.66%
雲林縣第01選區麥寮鄉,張嘉郡,3,9420,68.12%
雲林縣第01選區麥寮鄉,陳憲中,4,4275,30.91%
雲林縣第01選區臺西鄉,黃山谷,1,60,0.50%
雲林縣第01選區臺西鄉,蔡桓生,2,100,0.83%
雲林縣第01選區臺西鄉,張嘉郡,3,8330,69.51%
雲林縣第01選區臺西鄉,陳憲中,4,3493,29.14%
雲林縣第01選區東勢鄉,黃山谷,1,38,0.48%
雲林縣第01選區東勢鄉,蔡桓生,2,54,0.68%
雲林縣第01選區東勢鄉,張嘉郡,3,4766,60.86%
雲林縣第01選區東勢鄉,陳憲中,4,2972,37.95%
雲林縣第01選區褒忠鄉,黃山谷,1,35,0.50%
雲林縣第01選區褒忠鄉,蔡桓生,2,63,0.90%
雲林縣第01選區褒忠鄉,張嘉郡,3,4273,61.34%
雲林縣第01選區褒忠鄉,陳憲中,4,2594,37.24%
雲林縣第01選區土庫鎮,黃山谷,1,132,0.95%
雲林縣第01選區土庫鎮,蔡桓生,2,193,1.39%
雲林縣第01選區土庫鎮,張嘉郡,3,8665,62.63%
雲林縣第01選區土庫鎮,陳憲中,4,4844,35.01%
雲林縣第01選區虎尾鎮,黃山谷,1,158,0.55%
雲林縣第01選區虎尾鎮,蔡桓生,2,682,2.41%
雲林縣第01選區虎尾鎮,張嘉郡,3,15708,55.62%
雲林縣第01選區虎尾鎮,陳憲中,4,11691,41.40%
雲林縣第01選區四湖鄉,黃山谷,1,61,0.54%
雲林縣第01選區四湖鄉,蔡桓生,2,69,0.62%
雲林縣第01選區四湖鄉,張嘉郡,3,6224,56.02%
雲林縣第01選區四湖鄉,陳憲中,4,4756,42.80%
雲林縣第01選區元長鄉,黃山谷,1,72,0.54%
雲林縣第01選區元長鄉,蔡桓生,2,107,0.81%
雲林縣第01選區元長鄉,張嘉郡,3,7401,56.05%
雲林縣第01選區元長鄉,陳憲中,4,5624,42.59%
雲林縣第01選區口湖鄉,黃山谷,1,47,0.35%
雲林縣第01選區口湖鄉,蔡桓生,2,79,0.59%
雲林縣第01選區口湖鄉,張嘉郡,3,7060,52.93%
雲林縣第01選區口湖鄉,陳憲中,4,6150,46.11%
雲林縣第01選區水林鄉,黃山谷,1,48,0.34%
雲林縣第01選區水林鄉,蔡桓生,2,89,0.64%
雲林縣第01選區水林鄉,張嘉郡,3,5779,41.81%
雲林縣第01選區水林鄉,陳憲中,4,7906,57.19%
雲林縣第01選區北港鎮,黃山谷,1,88,0.44%
雲林縣第01選區北港鎮,蔡桓生,2,120,0.60%
雲林縣第01選區北港鎮,張嘉郡,3,8945,45.24%
雲林縣第01選區北港鎮,陳憲中,4,10616,53.70%
雲林縣第02選區崙背鄉,尹伶瑛,1,1211,9.56%
雲林縣第02選區崙背鄉,張碩文,2,6839,54.02%
雲林縣第02選區崙背鄉,黃國華,3,42,0.33%
雲林縣第02選區崙背鄉,張昆煌,4,29,0.22%
雲林縣第02選區崙背鄉,廖珪如,5,229,1.80%
雲林縣第02選區崙背鄉,劉建國,6,4309,34.03%
雲林縣第02選區二崙鄉,尹伶瑛,1,2736,20.70%
雲林縣第02選區二崙鄉,張碩文,2,5510,41.69%
雲林縣第02選區二崙鄉,黃國華,3,53,0.40%
雲林縣第02選區二崙鄉,張昆煌,4,24,0.18%
雲林縣第02選區二崙鄉,廖珪如,5,205,1.55%
雲林縣第02選區二崙鄉,劉建國,6,4688,35.47%
雲林縣第02選區西螺鎮,尹伶瑛,1,2137,10.60%
雲林縣第02選區西螺鎮,張碩文,2,9363,46.47%
雲林縣第02選區西螺鎮,黃國華,3,55,0.27%
雲林縣第02選區西螺鎮,張昆煌,4,50,0.24%
雲林縣第02選區西螺鎮,廖珪如,5,210,1.04%
雲林縣第02選區西螺鎮,劉建國,6,8333,41.35%
雲林縣第02選區莿桐鄉,尹伶瑛,1,1054,7.33%
雲林縣第02選區莿桐鄉,張碩文,2,6878,47.84%
雲林縣第02選區莿桐鄉,黃國華,3,47,0.32%
雲林縣第02選區莿桐鄉,張昆煌,4,20,0.13%
雲林縣第02選區莿桐鄉,廖珪如,5,125,0.86%
雲林縣第02選區莿桐鄉,劉建國,6,6253,43.49%
雲林縣第02選區林內鄉,尹伶瑛,1,1005,10.62%
雲林縣第02選區林內鄉,張碩文,2,4574,48.35%
雲林縣第02選區林內鄉,黃國華,3,26,0.27%
雲林縣第02選區林內鄉,張昆煌,4,14,0.14%
雲林縣第02選區林內鄉,廖珪如,5,80,0.84%
雲林縣第02選區林內鄉,劉建國,6,3761,39.75%
雲林縣第02選區斗六市,尹伶瑛,1,3813,8.18%
雲林縣第02選區斗六市,張碩文,2,23958,51.45%
雲林縣第02選區斗六市,黃國華,3,102,0.21%
雲林縣第02選區斗六市,張昆煌,4,208,0.44%
雲林縣第02選區斗六市,廖珪如,5,580,1.24%
雲林縣第02選區斗六市,劉建國,6,17899,38.44%
雲林縣第02選區大埤鄉,尹伶瑛,1,1060,11.41%
雲林縣第02選區大埤鄉,張碩文,2,4575,49.25%
雲林縣第02選區大埤鄉,黃國華,3,50,0.53%
雲林縣第02選區大埤鄉,張昆煌,4,17,0.18%
雲林縣第02選區大埤鄉,廖珪如,5,141,1.51%
雲林縣第02選區大埤鄉,劉建國,6,3445,37.09%
雲林縣第02選區斗南鎮,尹伶瑛,1,2989,14.05%
雲林縣第02選區斗南鎮,張碩文,2,10750,50.55%
雲林縣第02選區斗南鎮,黃國華,3,74,0.34%
雲林縣第02選區斗南鎮,張昆煌,4,51,0.23%
雲林縣第02選區斗南鎮,廖珪如,5,296,1.39%
雲林縣第02選區斗南鎮,劉建國,6,7102,33.40%
雲林縣第02選區古坑鄉,尹伶瑛,1,1277,9.01%
雲林縣第02選區古坑鄉,張碩文,2,6691,47.24%
雲林縣第02選區古坑鄉,黃國華,3,50,0.35%
雲林縣第02選區古坑鄉,張昆煌,4,41,0.28%
雲林縣第02選區古坑鄉,廖珪如,5,189,1.33%
雲林縣第02選區古坑鄉,劉建國,6,5913,41.75%
嘉義縣第01選區六腳鄉,蔡啟芳,1,6492,47.10%
嘉義縣第01選區六腳鄉,翁重鈞,2,7290,52.89%
嘉義縣第01選區東石鄉,蔡啟芳,1,6020,38.96%
嘉義縣第01選區東石鄉,翁重鈞,2,9431,61.03%
嘉義縣第01選區朴子市,蔡啟芳,1,10038,48.81%
嘉義縣第01選區朴子市,翁重鈞,2,10527,51.18%
嘉義縣第01選區太保市,蔡啟芳,1,6968,43.03%
嘉義縣第01選區太保市,翁重鈞,2,9224,56.96%
嘉義縣第01選區布袋鎮,蔡啟芳,1,6886,40.63%
嘉義縣第01選區布袋鎮,翁重鈞,2,10058,59.36%
嘉義縣第01選區義竹鄉,蔡啟芳,1,4733,36.72%
嘉義縣第01選區義竹鄉,翁重鈞,2,8155,63.27%
嘉義縣第01選區鹿草鄉,蔡啟芳,1,4090,42.59%
嘉義縣第01選區鹿草鄉,翁重鈞,2,5513,57.40%
嘉義縣第01選區水上鄉,蔡啟芳,1,10633,41.01%
嘉義縣第01選區水上鄉,翁重鈞,2,15291,58.98%
嘉義縣第02選區溪口鄉,張花冠,1,4825,68.21%
嘉義縣第02選區溪口鄉,黃茂,2,43,0.60%
嘉義縣第02選區溪口鄉,涂文生,3,2205,31.17%
嘉義縣第02選區大林鎮,張花冠,1,7863,54.89%
嘉義縣第02選區大林鎮,黃茂,2,155,1.08%
嘉義縣第02選區大林鎮,涂文生,3,6305,44.02%
嘉義縣第02選區梅山鄉,張花冠,1,4873,54.98%
嘉義縣第02選區梅山鄉,黃茂,2,65,0.73%
嘉義縣第02選區梅山鄉,涂文生,3,3925,44.28%
嘉義縣第02選區新港鄉,張花冠,1,9160,68.33%
嘉義縣第02選區新港鄉,黃茂,2,103,0.76%
嘉義縣第02選區新港鄉,涂文生,3,4142,30.89%
嘉義縣第02選區民雄鄉,張花冠,1,13932,46.05%
嘉義縣第02選區民雄鄉,黃茂,2,244,0.80%
嘉義縣第02選區民雄鄉,涂文生,3,16076,53.14%
嘉義縣第02選區竹崎鄉,張花冠,1,10826,68.83%
嘉義縣第02選區竹崎鄉,黃茂,2,107,0.68%
嘉義縣第02選區竹崎鄉,涂文生,3,4794,30.48%
嘉義縣第02選區中埔鄉,張花冠,1,9815,55.96%
嘉義縣第02選區中埔鄉,黃茂,2,172,0.98%
嘉義縣第02選區中埔鄉,涂文生,3,7550,43.05%
嘉義縣第02選區番路鄉,張花冠,1,3017,61.73%
嘉義縣第02選區番路鄉,黃茂,2,28,0.57%
嘉義縣第02選區番路鄉,涂文生,3,1842,37.69%
嘉義縣第02選區阿里山鄉,張花冠,1,364,41.36%
嘉義縣第02選區阿里山鄉,黃茂,2,11,1.25%
嘉義縣第02選區阿里山鄉,涂文生,3,505,57.38%
嘉義縣第02選區大埔鄉,張花冠,1,517,39.28%
嘉義縣第02選區大埔鄉,黃茂,2,12,0.91%
嘉義縣第02選區大埔鄉,涂文生,3,787,59.80%
臺南縣第01選區後壁鄉,葉宜津,1,7917,61.48%
臺南縣第01選區後壁鄉,陳俊倫,2,85,0.66%
臺南縣第01選區後壁鄉,洪玉欽,3,4875,37.85%
臺南縣第01選區白河鎮,葉宜津,1,7902,52.81%
臺南縣第01選區白河鎮,陳俊倫,2,106,0.70%
臺南縣第01選區白河鎮,洪玉欽,3,6953,46.47%
臺南縣第01選區北門鄉,葉宜津,1,2778,51.39%
臺南縣第01選區北門鄉,陳俊倫,2,19,0.35%
臺南縣第01選區北門鄉,洪玉欽,3,2608,48.25%
臺南縣第01選區學甲鎮,葉宜津,1,7754,63.55%
臺南縣第01選區學甲鎮,陳俊倫,2,60,0.49%
臺南縣第01選區學甲鎮,洪玉欽,3,4387,35.95%
臺南縣第01選區鹽水鎮,葉宜津,1,7061,55.69%
臺南縣第01選區鹽水鎮,陳俊倫,2,77,0.60%
臺南縣第01選區鹽水鎮,洪玉欽,3,5540,43.69%
臺南縣第01選區新營市,葉宜津,1,15541,47.53%
臺南縣第01選區新營市,陳俊倫,2,308,0.94%
臺南縣第01選區新營市,洪玉欽,3,16842,51.51%
臺南縣第01選區柳營鄉,葉宜津,1,5972,59.34%
臺南縣第01選區柳營鄉,陳俊倫,2,68,0.67%
臺南縣第01選區柳營鄉,洪玉欽,3,4024,39.98%
臺南縣第01選區東山鄉,葉宜津,1,5018,48.03%
臺南縣第01選區東山鄉,陳俊倫,2,68,0.65%
臺南縣第01選區東山鄉,洪玉欽,3,5360,51.31%
臺南縣第01選區將軍鄉,葉宜津,1,6068,62.28%
臺南縣第01選區將軍鄉,陳俊倫,2,42,0.43%
臺南縣第01選區將軍鄉,洪玉欽,3,3632,37.28%
臺南縣第01選區下營鄉,葉宜津,1,5844,46.81%
臺南縣第01選區下營鄉,陳俊倫,2,51,0.40%
臺南縣第01選區下營鄉,洪玉欽,3,6588,52.77%
臺南縣第01選區六甲鄉,葉宜津,1,5780,58.10%
臺南縣第01選區六甲鄉,陳俊倫,2,70,0.70%
臺南縣第01選區六甲鄉,洪玉欽,3,4097,41.18%
臺南縣第01選區官田鄉,葉宜津,1,6274,61.16%
臺南縣第01選區官田鄉,陳俊倫,2,94,0.91%
臺南縣第01選區官田鄉,洪玉欽,3,3890,37.92%
臺南縣第02選區七股鄉,李和順,1,4236,38.09%
臺南縣第02選區七股鄉,黃偉哲,2,6883,61.90%
臺南縣第02選區佳里鎮,李和順,1,9785,38.59%
臺南縣第02選區佳里鎮,黃偉哲,2,15570,61.40%
臺南縣第02選區麻豆鎮,李和順,1,6489,30.28%
臺南縣第02選區麻豆鎮,黃偉哲,2,14937,69.71%
臺南縣第02選區善化鎮,李和順,1,6984,38.24%
臺南縣第02選區善化鎮,黃偉哲,2,11278,61.75%
臺南縣第02選區大內鄉,李和順,1,2166,40.72%
臺南縣第02選區大內鄉,黃偉哲,2,3153,59.27%
臺南縣第02選區玉井鄉,李和順,1,4091,58.02%
臺南縣第02選區玉井鄉,黃偉哲,2,2959,41.97%
臺南縣第02選區楠西鄉,李和順,1,3257,65.40%
臺南縣第02選區楠西鄉,黃偉哲,2,1723,34.59%
臺南縣第02選區西港鄉,李和順,1,4029,36.18%
臺南縣第02選區西港鄉,黃偉哲,2,7106,63.81%
臺南縣第02選區安定鄉,李和順,1,4723,36.86%
臺南縣第02選區安定鄉,黃偉哲,2,8090,63.13%
臺南縣第02選區新市鄉,李和順,1,5581,39.51%
臺南縣第02選區新市鄉,黃偉哲,2,8542,60.48%
臺南縣第02選區山上鄉,李和順,1,1441,40.98%
臺南縣第02選區山上鄉,黃偉哲,2,2075,59.01%
臺南縣第02選區新化鎮,李和順,1,9248,48.43%
臺南縣第02選區新化鎮,黃偉哲,2,9847,51.56%
臺南縣第02選區左鎮鄉,李和順,1,1268,49.10%
臺南縣第02選區左鎮鄉,黃偉哲,2,1314,50.89%
臺南縣第02選區南化鄉,李和順,1,2303,59.24%
臺南縣第02選區南化鄉,黃偉哲,2,1584,40.75%
臺南縣第03選區永康市,吳健保,1,39868,48.35%
臺南縣第03選區永康市,李俊毅,2,42589,51.64%
臺南縣第03選區仁德鄉,吳健保,1,16408,52.24%
臺南縣第03選區仁德鄉,李俊毅,2,14999,47.75%
臺南縣第03選區歸仁鄉,吳健保,1,11255,40.71%
臺南縣第03選區歸仁鄉,李俊毅,2,16385,59.28%
臺南縣第03選區關廟鄉,吳健保,1,7612,44.05%
臺南縣第03選區關廟鄉,李俊毅,2,9665,55.94%
臺南縣第03選區龍崎鄉,吳健保,1,1142,48.04%
臺南縣第03選區龍崎鄉,李俊毅,2,1235,51.95%
高雄縣第01選區桃源鄉,鍾紹和,1,109,81.95%
高雄縣第01選區桃源鄉,江嘉盛,2,0,0.00%
高雄縣第01選區桃源鄉,顏文章,3,24,18.04%
高雄縣第01選區三民鄉,鍾紹和,1,82,41.20%
高雄縣第01選區三民鄉,江嘉盛,2,1,0.50%
高雄縣第01選區三民鄉,顏文章,3,116,58.29%
高雄縣第01選區甲仙鄉,鍾紹和,1,2486,64.50%
高雄縣第01選區甲仙鄉,江嘉盛,2,27,0.70%
高雄縣第01選區甲仙鄉,顏文章,3,1341,34.79%
高雄縣第01選區六龜鄉,鍾紹和,1,3921,58.81%
高雄縣第01選區六龜鄉,江嘉盛,2,56,0.83%
高雄縣第01選區六龜鄉,顏文章,3,2690,40.34%
高雄縣第01選區茂林鄉,鍾紹和,1,39,78.00%
高雄縣第01選區茂林鄉,江嘉盛,2,0,0.00%
高雄縣第01選區茂林鄉,顏文章,3,11,22.00%
高雄縣第01選區杉林鄉,鍾紹和,1,3050,60.96%
高雄縣第01選區杉林鄉,江嘉盛,2,44,0.87%
高雄縣第01選區杉林鄉,顏文章,3,1909,38.15%
高雄縣第01選區內門鄉,鍾紹和,1,5233,59.85%
高雄縣第01選區內門鄉,江嘉盛,2,57,0.65%
高雄縣第01選區內門鄉,顏文章,3,3453,39.49%
高雄縣第01選區旗山鎮,鍾紹和,1,10321,52.78%
高雄縣第01選區旗山鎮,江嘉盛,2,119,0.60%
高雄縣第01選區旗山鎮,顏文章,3,9113,46.60%
高雄縣第01選區美濃鎮,鍾紹和,1,14064,66.04%
高雄縣第01選區美濃鎮,江嘉盛,2,104,0.48%
高雄縣第01選區美濃鎮,顏文章,3,7127,33.46%
高雄縣第01選區阿蓮鄉,鍾紹和,1,6581,48.92%
高雄縣第01選區阿蓮鄉,江嘉盛,2,104,0.77%
高雄縣第01選區阿蓮鄉,顏文章,3,6766,50.30%
高雄縣第01選區田寮鄉,鍾紹和,1,2261,47.27%
高雄縣第01選區田寮鄉,江嘉盛,2,30,0.62%
高雄縣第01選區田寮鄉,顏文章,3,2492,52.10%
高雄縣第01選區燕巢鄉,鍾紹和,1,7522,52.07%
高雄縣第01選區燕巢鄉,江嘉盛,2,122,0.84%
高雄縣第01選區燕巢鄉,顏文章,3,6801,47.08%
高雄縣第01選區大社鄉,鍾紹和,1,6702,44.17%
高雄縣第01選區大社鄉,江嘉盛,2,140,0.92%
高雄縣第01選區大社鄉,顏文章,3,8329,54.90%
高雄縣第01選區大樹鄉,鍾紹和,1,9938,45.86%
高雄縣第01選區大樹鄉,江嘉盛,2,221,1.02%
高雄縣第01選區大樹鄉,顏文章,3,11507,53.11%
高雄縣第02選區茄萣鄉,劉政瑋,1,190,1.22%
高雄縣第02選區茄萣鄉,余政憲,2,6287,40.54%
高雄縣第02選區茄萣鄉,林益世,3,9031,58.23%
高雄縣第02選區湖內鄉,劉政瑋,1,333,2.44%
高雄縣第02選區湖內鄉,余政憲,2,6115,44.95%
高雄縣第02選區湖內鄉,林益世,3,7153,52.59%
高雄縣第02選區路竹鄉,劉政瑋,1,536,2.17%
高雄縣第02選區路竹鄉,余政憲,2,10634,43.08%
高雄縣第02選區路竹鄉,林益世,3,13509,54.73%
高雄縣第02選區永安鄉,劉政瑋,1,138,1.91%
高雄縣第02選區永安鄉,余政憲,2,2597,36.00%
高雄縣第02選區永安鄉,林益世,3,4477,62.07%
高雄縣第02選區岡山鎮,劉政瑋,1,863,1.94%
高雄縣第02選區岡山鎮,余政憲,2,17767,39.96%
高雄縣第02選區岡山鎮,林益世,3,25830,58.09%
高雄縣第02選區彌陀鄉,劉政瑋,1,155,1.34%
高雄縣第02選區彌陀鄉,余政憲,2,4156,36.18%
高雄縣第02選區彌陀鄉,林益世,3,7176,62.47%
高雄縣第02選區梓官鄉,劉政瑋,1,496,2.72%
高雄縣第02選區梓官鄉,余政憲,2,8671,47.67%
高雄縣第02選區梓官鄉,林益世,3,9022,49.60%
高雄縣第02選區橋頭鄉,劉政瑋,1,539,2.98%
高雄縣第02選區橋頭鄉,余政憲,2,9030,50.08%
高雄縣第02選區橋頭鄉,林益世,3,8461,46.92%
高雄縣第03選區仁武鄉,陳啟昱,1,15329,53.33%
高雄縣第03選區仁武鄉,黃憲南,2,46,0.16%
高雄縣第03選區仁武鄉,吳光訓,3,11565,40.23%
高雄縣第03選區仁武鄉,徐慶煌,4,1485,5.16%
高雄縣第03選區仁武鄉,簡宏德,5,245,0.85%
高雄縣第03選區仁武鄉,簡家弘,6,71,0.24%
高雄縣第03選區鳥松鄉,陳啟昱,1,8734,46.10%
高雄縣第03選區鳥松鄉,黃憲南,2,25,0.13%
高雄縣第03選區鳥松鄉,吳光訓,3,9256,48.86%
高雄縣第03選區鳥松鄉,徐慶煌,4,766,4.04%
高雄縣第03選區鳥松鄉,簡宏德,5,139,0.73%
高雄縣第03選區鳥松鄉,簡家弘,6,22,0.11%
高雄縣第03選區大寮鄉,陳啟昱,1,19878,42.47%
高雄縣第03選區大寮鄉,黃憲南,2,86,0.18%
高雄縣第03選區大寮鄉,吳光訓,3,20638,44.09%
高雄縣第03選區大寮鄉,徐慶煌,4,5703,12.18%
高雄縣第03選區大寮鄉,簡宏德,5,425,0.90%
高雄縣第03選區大寮鄉,簡家弘,6,70,0.14%
高雄縣第03選區林園鄉,陳啟昱,1,11907,40.72%
高雄縣第03選區林園鄉,黃憲南,2,160,0.54%
高雄縣第03選區林園鄉,吳光訓,3,11746,40.17%
高雄縣第03選區林園鄉,徐慶煌,4,5204,17.79%
高雄縣第03選區林園鄉,簡宏德,5,187,0.63%
高雄縣第03選區林園鄉,簡家弘,6,36,0.12%
高雄縣第04選區鳳山市,陳明政,1,204,0.13%
高雄縣第04選區鳳山市,吳隆傑,2,1095,0.74%
高雄縣第04選區鳳山市,張美嫻,3,266,0.18%
高雄縣第04選區鳳山市,楊東杰,4,377,0.25%
高雄縣第04選區鳳山市,林岱樺,5,71450,48.45%
高雄縣第04選區鳳山市,江玲君,6,74062,50.22%
屏東縣第01選區里港鄉,王樹圍,1,104,0.75%
屏東縣第01選區里港鄉,蕭立應,2,49,0.35%
屏東縣第01選區里港鄉,蔡豪,3,6772,49.38%
屏東縣第01選區里港鄉,藍群傑,4,249,1.81%
屏東縣第01選區里港鄉,蘇震清,5,6259,45.64%
屏東縣第01選區里港鄉,張惠怡,6,280,2.04%
屏東縣第01選區高樹鄉,王樹圍,1,1371,10.06%
屏東縣第01選區高樹鄉,蕭立應,2,26,0.19%
屏東縣第01選區高樹鄉,蔡豪,3,4800,35.25%
屏東縣第01選區高樹鄉,藍群傑,4,196,1.43%
屏東縣第01選區高樹鄉,蘇震清,5,7000,51.40%
屏東縣第01選區高樹鄉,張惠怡,6,224,1.64%
屏東縣第01選區三地門鄉,王樹圍,1,7,5.00%
屏東縣第01選區三地門鄉,蕭立應,2,2,1.42%
屏東縣第01選區三地門鄉,蔡豪,3,91,65.00%
屏東縣第01選區三地門鄉,藍群傑,4,3,2.14%
屏東縣第01選區三地門鄉,蘇震清,5,22,15.71%
屏東縣第01選區三地門鄉,張惠怡,6,15,10.71%
屏東縣第01選區霧臺鄉,王樹圍,1,0,0.00%
屏東縣第01選區霧臺鄉,蕭立應,2,1,6.25%
屏東縣第01選區霧臺鄉,蔡豪,3,10,62.50%
屏東縣第01選區霧臺鄉,藍群傑,4,0,0.00%
屏東縣第01選區霧臺鄉,蘇震清,5,5,31.25%
屏東縣第01選區霧臺鄉,張惠怡,6,0,0.00%
屏東縣第01選區九如鄉,王樹圍,1,118,1.07%
屏東縣第01選區九如鄉,蕭立應,2,52,0.47%
屏東縣第01選區九如鄉,蔡豪,3,4041,36.97%
屏東縣第01選區九如鄉,藍群傑,4,234,2.14%
屏東縣第01選區九如鄉,蘇震清,5,6206,56.78%
屏東縣第01選區九如鄉,張惠怡,6,277,2.53%
屏東縣第01選區鹽埔鄉,王樹圍,1,233,1.82%
屏東縣第01選區鹽埔鄉,蕭立應,2,34,0.26%
屏東縣第01選區鹽埔鄉,蔡豪,3,6695,52.30%
屏東縣第01選區鹽埔鄉,藍群傑,4,271,2.11%
屏東縣第01選區鹽埔鄉,蘇震清,5,5247,40.99%
屏東縣第01選區鹽埔鄉,張惠怡,6,320,2.50%
屏東縣第01選區長治鄉,王樹圍,1,73,0.50%
屏東縣第01選區長治鄉,蕭立應,2,48,0.33%
屏東縣第01選區長治鄉,蔡豪,3,6803,46.86%
屏東縣第01選區長治鄉,藍群傑,4,894,6.15%
屏東縣第01選區長治鄉,蘇震清,5,6118,42.14%
屏東縣第01選區長治鄉,張惠怡,6,580,3.99%
屏東縣第01選區內埔鄉,王樹圍,1,175,0.68%
屏東縣第01選區內埔鄉,蕭立應,2,81,0.31%
屏東縣第01選區內埔鄉,蔡豪,3,10153,39.99%
屏東縣第01選區內埔鄉,藍群傑,4,2399,9.45%
屏東縣第01選區內埔鄉,蘇震清,5,11889,46.83%
屏東縣第01選區內埔鄉,張惠怡,6,687,2.70%
屏東縣第01選區瑪家鄉,王樹圍,1,0,0.00%
屏東縣第01選區瑪家鄉,蕭立應,2,1,0.68%
屏東縣第01選區瑪家鄉,蔡豪,3,107,73.28%
屏東縣第01選區瑪家鄉,藍群傑,4,4,2.73%
屏東縣第01選區瑪家鄉,蘇震清,5,16,10.95%
屏東縣第01選區瑪家鄉,張惠怡,6,18,12.32%
屏東縣第01選區泰武鄉,王樹圍,1,2,2.85%
屏東縣第01選區泰武鄉,蕭立應,2,1,1.42%
屏東縣第01選區泰武鄉,蔡豪,3,39,55.71%
屏東縣第01選區泰武鄉,藍群傑,4,3,4.28%
屏東縣第01選區泰武鄉,蘇震清,5,11,15.71%
屏東縣第01選區泰武鄉,張惠怡,6,14,20.00%
屏東縣第01選區竹田鄉,王樹圍,1,56,0.58%
屏東縣第01選區竹田鄉,蕭立應,2,43,0.44%
屏東縣第01選區竹田鄉,蔡豪,3,4337,45.16%
屏東縣第01選區竹田鄉,藍群傑,4,671,6.98%
屏東縣第01選區竹田鄉,蘇震清,5,4280,44.56%
屏東縣第01選區竹田鄉,張惠怡,6,216,2.24%
屏東縣第01選區萬巒鄉,王樹圍,1,47,0.43%
屏東縣第01選區萬巒鄉,蕭立應,2,37,0.34%
屏東縣第01選區萬巒鄉,蔡豪,3,4390,40.85%
屏東縣第01選區萬巒鄉,藍群傑,4,575,5.35%
屏東縣第01選區萬巒鄉,蘇震清,5,5425,50.48%
屏東縣第01選區萬巒鄉,張惠怡,6,271,2.52%
屏東縣第01選區潮州鎮,王樹圍,1,169,0.71%
屏東縣第01選區潮州鎮,蕭立應,2,95,0.40%
屏東縣第01選區潮州鎮,蔡豪,3,10489,44.44%
屏東縣第01選區潮州鎮,藍群傑,4,1157,4.90%
屏東縣第01選區潮州鎮,蘇震清,5,10975,46.50%
屏東縣第01選區潮州鎮,張惠怡,6,715,3.02%
屏東縣第02選區屏東市,李世斌,1,37123,40.34%
屏東縣第02選區屏東市,王進士,2,54880,59.65%
屏東縣第02選區麟洛鄉,李世斌,1,3129,56.42%
屏東縣第02選區麟洛鄉,王進士,2,2416,43.57%
屏東縣第02選區萬丹鄉,李世斌,1,12189,50.95%
屏東縣第02選區萬丹鄉,王進士,2,11731,49.04%
屏東縣第03選區新園鄉,潘孟安,1,10173,56.07%
屏東縣第03選區新園鄉,蘇清泉,2,7096,39.11%
屏東縣第03選區新園鄉,周碧雲,3,874,4.81%
屏東縣第03選區崁頂鄉,潘孟安,1,3012,44.63%
屏東縣第03選區崁頂鄉,蘇清泉,2,1715,25.41%
屏東縣第03選區崁頂鄉,周碧雲,3,2021,29.94%
屏東縣第03選區南州鄉,潘孟安,1,2581,45.02%
屏東縣第03選區南州鄉,蘇清泉,2,2114,36.87%
屏東縣第03選區南州鄉,周碧雲,3,1038,18.10%
屏東縣第03選區新埤鄉,潘孟安,1,2492,49.96%
屏東縣第03選區新埤鄉,蘇清泉,2,2307,46.26%
屏東縣第03選區新埤鄉,周碧雲,3,188,3.76%
屏東縣第03選區來義鄉,潘孟安,1,10,10.52%
屏東縣第03選區來義鄉,蘇清泉,2,79,83.15%
屏東縣第03選區來義鄉,周碧雲,3,6,6.31%
屏東縣第03選區東港鎮,潘孟安,1,10517,46.39%
屏東縣第03選區東港鎮,蘇清泉,2,11185,49.34%
屏東縣第03選區東港鎮,周碧雲,3,966,4.26%
屏東縣第03選區林邊鄉,潘孟安,1,5228,51.84%
屏東縣第03選區林邊鄉,蘇清泉,2,4299,42.63%
屏東縣第03選區林邊鄉,周碧雲,3,557,5.52%
屏東縣第03選區佳冬鄉,潘孟安,1,5607,56.22%
屏東縣第03選區佳冬鄉,蘇清泉,2,4001,40.12%
屏東縣第03選區佳冬鄉,周碧雲,3,364,3.65%
屏東縣第03選區枋寮鄉,潘孟安,1,6232,50.83%
屏東縣第03選區枋寮鄉,蘇清泉,2,5704,46.52%
屏東縣第03選區枋寮鄉,周碧雲,3,323,2.63%
屏東縣第03選區春日鄉,潘孟安,1,22,15.94%
屏東縣第03選區春日鄉,蘇清泉,2,108,78.26%
屏東縣第03選區春日鄉,周碧雲,3,8,5.79%
屏東縣第03選區枋山鄉,潘孟安,1,1494,55.12%
屏東縣第03選區枋山鄉,蘇清泉,2,1177,43.43%
屏東縣第03選區枋山鄉,周碧雲,3,39,1.43%
屏東縣第03選區獅子鄉,潘孟安,1,14,13.20%
屏東縣第03選區獅子鄉,蘇清泉,2,86,81.13%
屏東縣第03選區獅子鄉,周碧雲,3,6,5.66%
屏東縣第03選區牡丹鄉,潘孟安,1,45,27.60%
屏東縣第03選區牡丹鄉,蘇清泉,2,116,71.16%
屏東縣第03選區牡丹鄉,周碧雲,3,2,1.22%
屏東縣第03選區車城鄉,潘孟安,1,2750,64.58%
屏東縣第03選區車城鄉,蘇清泉,2,1460,34.28%
屏東縣第03選區車城鄉,周碧雲,3,48,1.12%
屏東縣第03選區滿州鄉,潘孟安,1,1442,57.54%
屏東縣第03選區滿州鄉,蘇清泉,2,1034,41.26%
屏東縣第03選區滿州鄉,周碧雲,3,30,1.19%
屏東縣第03選區恆春鎮,潘孟安,1,6571,56.30%
屏東縣第03選區恆春鎮,蘇清泉,2,4967,42.55%
屏東縣第03選區恆春鎮,周碧雲,3,133,1.13%
屏東縣第03選區琉球鄉,潘孟安,1,1706,37.88%
屏東縣第03選區琉球鄉,蘇清泉,2,2747,61.00%
屏東縣第03選區琉球鄉,周碧雲,3,50,1.11%
臺東縣第01選區臺東市,許志雄,1,12375,36.64%
臺東縣第01選區臺東市,黃健庭,2,20921,61.94%
臺東縣第01選區臺東市,劉昀筑,3,475,1.40%
臺東縣第01選區成功鎮,許志雄,1,888,29.59%
臺東縣第01選區成功鎮,黃健庭,2,2080,69.31%
臺東縣第01選區成功鎮,劉昀筑,3,33,1.09%
臺東縣第01選區關山鎮,許志雄,1,888,33.24%
臺東縣第01選區關山鎮,黃健庭,2,1662,62.22%
臺東縣第01選區關山鎮,劉昀筑,3,121,4.53%
臺東縣第01選區卑南鄉,許志雄,1,1951,40.92%
臺東縣第01選區卑南鄉,黃健庭,2,2741,57.49%
臺東縣第01選區卑南鄉,劉昀筑,3,75,1.57%
臺東縣第01選區鹿野鄉,許志雄,1,883,39.72%
臺東縣第01選區鹿野鄉,黃健庭,2,1246,56.05%
臺東縣第01選區鹿野鄉,劉昀筑,3,94,4.22%
臺東縣第01選區池上鄉,許志雄,1,943,37.21%
臺東縣第01選區池上鄉,黃健庭,2,1405,55.44%
臺東縣第01選區池上鄉,劉昀筑,3,186,7.34%
臺東縣第01選區東河鄉,許志雄,1,847,49.15%
臺東縣第01選區東河鄉,黃健庭,2,852,49.44%
臺東縣第01選區東河鄉,劉昀筑,3,24,1.39%
臺東縣第01選區長濱鄉,許志雄,1,406,36.08%
臺東縣第01選區長濱鄉,黃健庭,2,703,62.48%
臺東縣第01選區長濱鄉,劉昀筑,3,16,1.42%
臺東縣第01選區太麻里鄉,許志雄,1,1119,41.78%
臺東縣第01選區太麻里鄉,黃健庭,2,1527,57.02%
臺東縣第01選區太麻里鄉,劉昀筑,3,32,1.19%
臺東縣第01選區大武鄉,許志雄,1,338,35.54%
臺東縣第01選區大武鄉,黃健庭,2,607,63.82%
臺東縣第01選區大武鄉,劉昀筑,3,6,0.63%
臺東縣第01選區綠島鄉,許志雄,1,321,32.92%
臺東縣第01選區綠島鄉,黃健庭,2,648,66.46%
臺東縣第01選區綠島鄉,劉昀筑,3,6,0.61%
臺東縣第01選區海端鄉,許志雄,1,22,18.03%
臺東縣第01選區海端鄉,黃健庭,2,100,81.96%
臺東縣第01選區海端鄉,劉昀筑,3,0,0.00%
臺東縣第01選區延平鄉,許志雄,1,26,24.76%
臺東縣第01選區延平鄉,黃健庭,2,75,71.42%
臺東縣第01選區延平鄉,劉昀筑,3,4,3.80%
臺東縣第01選區金峰鄉,許志雄,1,6,9.83%
臺東縣第01選區金峰鄉,黃健庭,2,53,86.88%
臺東縣第01選區金峰鄉,劉昀筑,3,2,3.27%
臺東縣第01選區達仁鄉,許志雄,1,31,27.67%
臺東縣第01選區達仁鄉,黃健庭,2,80,71.42%
臺東縣第01選區達仁鄉,劉昀筑,3,1,0.89%
臺東縣第01選區蘭嶼鄉,許志雄,1,36,27.06%
臺東縣第01選區蘭嶼鄉,黃健庭,2,94,70.67%
臺東縣第01選區蘭嶼鄉,劉昀筑,3,3,2.25%
花蓮縣第01選區花蓮市,鍾寶珠,1,1268,3.44%
花蓮縣第01選區花蓮市,盧博基,2,10671,29.01%
花蓮縣第01選區花蓮市,傅崐萁,3,24024,65.33%
花蓮縣第01選區花蓮市,何智弘,4,54,0.14%
花蓮縣第01選區花蓮市,詹益萬,5,252,0.68%
花蓮縣第01選區花蓮市,鍾尚廷,6,503,1.36%
花蓮縣第01選區新城鄉,鍾寶珠,1,151,2.57%
花蓮縣第01選區新城鄉,盧博基,2,1574,26.84%
花蓮縣第01選區新城鄉,傅崐萁,3,4023,68.60%
花蓮縣第01選區新城鄉,何智弘,4,9,0.15%
花蓮縣第01選區新城鄉,詹益萬,5,42,0.71%
花蓮縣第01選區新城鄉,鍾尚廷,6,65,1.10%
花蓮縣第01選區秀林鄉,鍾寶珠,1,16,2.43%
花蓮縣第01選區秀林鄉,盧博基,2,128,19.48%
花蓮縣第01選區秀林鄉,傅崐萁,3,488,74.27%
花蓮縣第01選區秀林鄉,何智弘,4,2,0.30%
花蓮縣第01選區秀林鄉,詹益萬,5,5,0.76%
花蓮縣第01選區秀林鄉,鍾尚廷,6,18,2.73%
花蓮縣第01選區吉安鄉,鍾寶珠,1,693,2.79%
花蓮縣第01選區吉安鄉,盧博基,2,7137,28.77%
花蓮縣第01選區吉安鄉,傅崐萁,3,16404,66.13%
花蓮縣第01選區吉安鄉,何智弘,4,48,0.19%
花蓮縣第01選區吉安鄉,詹益萬,5,196,0.79%
花蓮縣第01選區吉安鄉,鍾尚廷,6,325,1.31%
花蓮縣第01選區壽豐鄉,鍾寶珠,1,112,2.16%
花蓮縣第01選區壽豐鄉,盧博基,2,1594,30.84%
花蓮縣第01選區壽豐鄉,傅崐萁,3,3347,64.76%
花蓮縣第01選區壽豐鄉,何智弘,4,17,0.32%
花蓮縣第01選區壽豐鄉,詹益萬,5,50,0.96%
花蓮縣第01選區壽豐鄉,鍾尚廷,6,48,0.92%
花蓮縣第01選區鳳林鎮,鍾寶珠,1,59,1.35%
花蓮縣第01選區鳳林鎮,盧博基,2,1026,23.64%
花蓮縣第01選區鳳林鎮,傅崐萁,3,3194,73.59%
花蓮縣第01選區鳳林鎮,何智弘,4,3,0.06%
花蓮縣第01選區鳳林鎮,詹益萬,5,24,0.55%
花蓮縣第01選區鳳林鎮,鍾尚廷,6,34,0.78%
花蓮縣第01選區光復鄉,鍾寶珠,1,31,1.11%
花蓮縣第01選區光復鄉,盧博基,2,817,29.37%
花蓮縣第01選區光復鄉,傅崐萁,3,1895,68.14%
花蓮縣第01選區光復鄉,何智弘,4,2,0.07%
花蓮縣第01選區光復鄉,詹益萬,5,21,0.75%
花蓮縣第01選區光復鄉,鍾尚廷,6,15,0.53%
花蓮縣第01選區豐濱鄉,鍾寶珠,1,9,2.53%
花蓮縣第01選區豐濱鄉,盧博基,2,124,34.92%
花蓮縣第01選區豐濱鄉,傅崐萁,3,213,60.00%
花蓮縣第01選區豐濱鄉,何智弘,4,3,0.84%
花蓮縣第01選區豐濱鄉,詹益萬,5,3,0.84%
花蓮縣第01選區豐濱鄉,鍾尚廷,6,3,0.84%
花蓮縣第01選區萬榮鄉,鍾寶珠,1,3,2.58%
花蓮縣第01選區萬榮鄉,盧博基,2,27,23.27%
花蓮縣第01選區萬榮鄉,傅崐萁,3,81,69.82%
花蓮縣第01選區萬榮鄉,何智弘,4,0,0.00%
花蓮縣第01選區萬榮鄉,詹益萬,5,1,0.86%
花蓮縣第01選區萬榮鄉,鍾尚廷,6,4,3.44%
花蓮縣第01選區瑞穗鄉,鍾寶珠,1,43,1.33%
花蓮縣第01選區瑞穗鄉,盧博基,2,1144,35.48%
花蓮縣第01選區瑞穗鄉,傅崐萁,3,1984,61.53%
花蓮縣第01選區瑞穗鄉,何智弘,4,6,0.18%
花蓮縣第01選區瑞穗鄉,詹益萬,5,24,0.74%
花蓮縣第01選區瑞穗鄉,鍾尚廷,6,23,0.71%
花蓮縣第01選區玉里鎮,鍾寶珠,1,68,1.04%
花蓮縣第01選區玉里鎮,盧博基,2,1924,29.50%
花蓮縣第01選區玉里鎮,傅崐萁,3,4426,67.87%
花蓮縣第01選區玉里鎮,何智弘,4,19,0.29%
花蓮縣第01選區玉里鎮,詹益萬,5,41,0.62%
花蓮縣第01選區玉里鎮,鍾尚廷,6,43,0.65%
花蓮縣第01選區富里鄉,鍾寶珠,1,13,0.37%
花蓮縣第01選區富里鄉,盧博基,2,1014,29.29%
花蓮縣第01選區富里鄉,傅崐萁,3,2370,68.47%
花蓮縣第01選區富里鄉,何智弘,4,8,0.23%
花蓮縣第01選區富里鄉,詹益萬,5,22,0.63%
花蓮縣第01選區富里鄉,鍾尚廷,6,34,0.98%
花蓮縣第01選區卓溪鄉,鍾寶珠,1,7,5.03%
花蓮縣第01選區卓溪鄉,盧博基,2,27,19.42%
花蓮縣第01選區卓溪鄉,傅崐萁,3,99,71.22%
花蓮縣第01選區卓溪鄉,何智弘,4,1,0.71%
花蓮縣第01選區卓溪鄉,詹益萬,5,1,0.71%
花蓮縣第01選區卓溪鄉,鍾尚廷,6,4,2.87%
澎湖縣第01選區馬公市,歐中慨,1,2039,8.57%
澎湖縣第01選區馬公市,黃中陽,2,190,0.79%
澎湖縣第01選區馬公市,陳光復,3,9241,38.88%
澎湖縣第01選區馬公市,林炳坤,4,12298,51.74%
澎湖縣第01選區湖西鄉,歐中慨,1,353,5.91%
澎湖縣第01選區湖西鄉,黃中陽,2,41,0.68%
澎湖縣第01選區湖西鄉,陳光復,3,2853,47.82%
澎湖縣第01選區湖西鄉,林炳坤,4,2718,45.56%
澎湖縣第01選區白沙鄉,歐中慨,1,317,8.85%
澎湖縣第01選區白沙鄉,黃中陽,2,27,0.75%
澎湖縣第01選區白沙鄉,陳光復,3,1401,39.15%
澎湖縣第01選區白沙鄉,林炳坤,4,1833,51.22%
澎湖縣第01選區西嶼鄉,歐中慨,1,483,14.49%
澎湖縣第01選區西嶼鄉,黃中陽,2,19,0.57%
澎湖縣第01選區西嶼鄉,陳光復,3,1135,34.05%
澎湖縣第01選區西嶼鄉,林炳坤,4,1696,50.88%
澎湖縣第01選區望安鄉,歐中慨,1,104,9.74%
澎湖縣第01選區望安鄉,黃中陽,2,11,1.03%
澎湖縣第01選區望安鄉,陳光復,3,509,47.70%
澎湖縣第01選區望安鄉,林炳坤,4,443,41.51%
澎湖縣第01選區七美鄉,歐中慨,1,77,8.53%
澎湖縣第01選區七美鄉,黃中陽,2,12,1.33%
澎湖縣第01選區七美鄉,陳光復,3,217,24.05%
澎湖縣第01選區七美鄉,林炳坤,4,596,66.07%
基隆市第01選區中正區,游祥耀,1,5832,27.87%
基隆市第01選區中正區,呂貞中,2,284,1.35%
基隆市第01選區中正區,王醒之,3,536,2.56%
基隆市第01選區中正區,謝國樑,4,14273,68.21%
基隆市第01選區信義區,游祥耀,1,5107,24.84%
基隆市第01選區信義區,呂貞中,2,277,1.34%
基隆市第01選區信義區,王醒之,3,468,2.27%
基隆市第01選區信義區,謝國樑,4,14705,71.53%
基隆市第01選區仁愛區,游祥耀,1,6804,34.41%
基隆市第01選區仁愛區,呂貞中,2,288,1.45%
基隆市第01選區仁愛區,王醒之,3,481,2.43%
基隆市第01選區仁愛區,謝國樑,4,12197,61.69%
基隆市第01選區中山區,游祥耀,1,5858,29.70%
基隆市第01選區中山區,呂貞中,2,242,1.22%
基隆市第01選區中山區,王醒之,3,430,2.18%
基隆市第01選區中山區,謝國樑,4,13190,66.88%
基隆市第01選區安樂區,游祥耀,1,8683,27.75%
基隆市第01選區安樂區,呂貞中,2,359,1.14%
基隆市第01選區安樂區,王醒之,3,695,2.22%
基隆市第01選區安樂區,謝國樑,4,21545,68.87%
基隆市第01選區暖暖區,游祥耀,1,3455,24.75%
基隆市第01選區暖暖區,呂貞中,2,153,1.09%
基隆市第01選區暖暖區,王醒之,3,378,2.70%
基隆市第01選區暖暖區,謝國樑,4,9970,71.43%
基隆市第01選區七堵區,游祥耀,1,5970,30.27%
基隆市第01選區七堵區,呂貞中,2,266,1.34%
基隆市第01選區七堵區,王醒之,3,438,2.22%
基隆市第01選區七堵區,謝國樑,4,13046,66.15%
新竹市第01選區東區,呂學樟,1,50961,65.46%
新竹市第01選區東區,鄭宏輝,2,25814,33.16%
新竹市第01選區東區,鄧秀寶,3,1067,1.37%
新竹市第01選區北區,呂學樟,1,33430,57.29%
新竹市第01選區北區,鄭宏輝,2,24263,41.58%
新竹市第01選區北區,鄧秀寶,3,653,1.11%
新竹市第01選區香山區,呂學樟,1,14733,53.90%
新竹市第01選區香山區,鄭宏輝,2,12257,44.84%
新竹市第01選區香山區,鄧秀寶,3,339,1.24%
臺中市第01選區西屯區,蔡明憲,1,30422,37.96%
臺中市第01選區西屯區,蔡錦隆,2,49702,62.03%
臺中市第01選區南屯區,蔡明憲,1,23049,39.73%
臺中市第01選區南屯區,蔡錦隆,2,34962,60.26%
臺中市第02選區北屯區,楊宗澧,1,464,0.44%
臺中市第02選區北屯區,沈智慧,2,7036,6.82%
臺中市第02選區北屯區,謝明源,3,37556,36.41%
臺中市第02選區北屯區,盧秀燕,4,58066,56.30%
臺中市第02選區北區,楊宗澧,1,327,0.50%
臺中市第02選區北區,沈智慧,2,3678,5.67%
臺中市第02選區北區,謝明源,3,23026,35.51%
臺中市第02選區北區,盧秀燕,4,37807,58.30%
臺中市第03選區西區,賀姿華,1,632,1.27%
臺中市第03選區西區,何敏豪,2,20545,41.50%
臺中市第03選區西區,林振東,3,194,0.39%
臺中市第03選區西區,王名江,4,107,0.21%
臺中市第03選區西區,黃義交,5,28024,56.61%
臺中市第03選區中區,賀姿華,1,110,1.19%
臺中市第03選區中區,何敏豪,2,4102,44.63%
臺中市第03選區中區,林振東,3,45,0.48%
臺中市第03選區中區,王名江,4,25,0.27%
臺中市第03選區中區,黃義交,5,4908,53.40%
臺中市第03選區東區,賀姿華,1,331,0.99%
臺中市第03選區東區,何敏豪,2,15711,47.18%
臺中市第03選區東區,林振東,3,138,0.41%
臺中市第03選區東區,王名江,4,66,0.19%
臺中市第03選區東區,黃義交,5,17052,51.21%
臺中市第03選區南區,賀姿華,1,600,1.28%
臺中市第03選區南區,何敏豪,2,19611,41.90%
臺中市第03選區南區,林振東,3,234,0.50%
臺中市第03選區南區,王名江,4,124,0.26%
臺中市第03選區南區,黃義交,5,26225,56.04%
嘉義市第01選區東區,凌子楚,1,6598,12.30%
嘉義市第01選區東區,江義雄,2,26491,49.40%
嘉義市第01選區東區,莊和子,3,20152,37.58%
嘉義市第01選區東區,林瑞霞,4,383,0.71%
嘉義市第01選區西區,凌子楚,1,7675,12.92%
嘉義市第01選區西區,江義雄,2,26283,44.26%
嘉義市第01選區西區,莊和子,3,25141,42.33%
嘉義市第01選區西區,林瑞霞,4,280,0.47%
臺南市第01選區安南區,陳亭妃,1,38987,51.25%
臺南市第01選區安南區,王昱婷,2,37073,48.74%
臺南市第01選區北區,陳亭妃,1,28615,48.28%
臺南市第01選區北區,王昱婷,2,30653,51.71%
臺南市第01選區中西區,陳亭妃,1,19381,51.41%
臺南市第01選區中西區,王昱婷,2,18314,48.58%
臺南市第02選區安平區,高思博,1,11779,47.46%
臺南市第02選區安平區,賴清德,2,13035,52.53%
臺南市第02選區南區,高思博,1,25482,41.47%
臺南市第02選區南區,賴清德,2,35959,58.52%
臺南市第02選區東區,高思博,1,45305,53.62%
臺南市第02選區東區,賴清德,2,39178,46.37%
金門縣第01選區金城鎮,陳福海,1,2576,30.11%
金門縣第01選區金城鎮,李沃士,2,1739,20.33%
金門縣第01選區金城鎮,高絃騰,3,15,0.17%
金門縣第01選區金城鎮,胡偉生,4,463,5.41%
金門縣第01選區金城鎮,唐惠霈,5,190,2.22%
金門縣第01選區金城鎮,吳成典,6,3570,41.73%
金門縣第01選區金寧鄉,陳福海,1,1461,29.81%
金門縣第01選區金寧鄉,李沃士,2,1541,31.44%
金門縣第01選區金寧鄉,高絃騰,3,10,0.20%
金門縣第01選區金寧鄉,胡偉生,4,160,3.26%
金門縣第01選區金寧鄉,唐惠霈,5,92,1.87%
金門縣第01選區金寧鄉,吳成典,6,1636,33.38%
金門縣第01選區金湖鎮,陳福海,1,3471,55.50%
金門縣第01選區金湖鎮,李沃士,2,985,15.74%
金門縣第01選區金湖鎮,高絃騰,3,4,0.06%
金門縣第01選區金湖鎮,胡偉生,4,290,4.63%
金門縣第01選區金湖鎮,唐惠霈,5,88,1.40%
金門縣第01選區金湖鎮,吳成典,6,1416,22.64%
金門縣第01選區金沙鎮,陳福海,1,2190,48.68%
金門縣第01選區金沙鎮,李沃士,2,917,20.38%
金門縣第01選區金沙鎮,高絃騰,3,9,0.20%
金門縣第01選區金沙鎮,胡偉生,4,114,2.53%
金門縣第01選區金沙鎮,唐惠霈,5,44,0.97%
金門縣第01選區金沙鎮,吳成典,6,1224,27.21%
金門縣第01選區烈嶼鄉,陳福海,1,202,8.69%
金門縣第01選區烈嶼鄉,李沃士,2,87,3.74%
金門縣第01選區烈嶼鄉,高絃騰,3,1,0.04%
金門縣第01選區烈嶼鄉,胡偉生,4,41,1.76%
金門縣第01選區烈嶼鄉,唐惠霈,5,17,0.73%
金門縣第01選區烈嶼鄉,吳成典,6,1976,85.02%
金門縣第01選區烏坵鄉,陳福海,1,12,34.28%
金門縣第01選區烏坵鄉,李沃士,2,5,14.28%
金門縣第01選區烏坵鄉,高絃騰,3,0,0.00%
金門縣第01選區烏坵鄉,胡偉生,4,2,5.71%
金門縣第01選區烏坵鄉,唐惠霈,5,0,0.00%
金門縣第01選區烏坵鄉,吳成典,6,16,45.71%
連江縣第01選區南竿鄉,曹成俤,1,80,2.97%
連江縣第01選區南竿鄉,林惠官,2,1076,40.07%
連江縣第01選區南竿鄉,曹爾忠,3,1529,56.94%
連江縣第01選區北竿鄉,曹成俤,1,23,2.92%
連江縣第01選區北竿鄉,林惠官,2,464,59.03%
連江縣第01選區北竿鄉,曹爾忠,3,299,38.04%
連江縣第01選區莒光鄉,曹成俤,1,11,2.39%
連江縣第01選區莒光鄉,林惠官,2,300,65.21%
連江縣第01選區莒光鄉,曹爾忠,3,149,32.39%
連江縣第01選區東引鄉,曹成俤,1,28,6.12%
連江縣第01選區東引鄉,林惠官,2,224,49.01%
連江縣第01選區東引鄉,曹爾忠,3,205,44.85%
